

CREATE TABLE IF NOT EXISTS gupta776.employee (
    `employee_id` INT,
    `first_name` VARCHAR(50) CHARACTER SET utf8,
    `last_name` VARCHAR(50) CHARACTER SET utf8,
    `job_title` VARCHAR(50) CHARACTER SET utf8,
    `supervisor` VARCHAR(50) CHARACTER SET utf8,
    `subsidiary` VARCHAR(50) CHARACTER SET utf8,
    `selling_loc` VARCHAR(50) CHARACTER SET utf8,
    `location` VARCHAR(50) CHARACTER SET utf8,
    `contact_info` VARCHAR(50) CHARACTER SET utf8
);


INSERT INTO gupta776.employee Values
(67799,'a','brophy','','','University Book Store','','','a.brophy@gmail.com'),
(99425,'aarbour','','','','University Book Store','','','aarbour.@gmail.com'),
(22993,'Abby Elkin','','','','University Book Store','','','Abby Elkin.@gmail.com'),
(29143,'abollmeier','','','','University Book Store','','','abollmeier.@gmail.com'),
(153801,'abridge','','','','University Book Store','','','abridge.@gmail.com'),
(68235,'abrophy','','','','University Book Store','','','abrophy.@gmail.com'),
(27623,'ahamilton','','','','University Book Store','','','ahamilton.@gmail.com'),
(27622,'ahicks','','','','University Book Store','','','ahicks.@gmail.com'),
(151075,'akoeva','','','','University Book Store','','','akoeva.@gmail.com'),
(95772,'alemke','','','','University Book Store','','','alemke.@gmail.com'),
(29247,'Allison Bollmeier','','','','University Book Store','','','Allison Bollmeier.@gmail.com'),
(64307,'Amar Mokhashi','','','','University Book Store','','','Amar Mokhashi.@gmail.com'),
(62250,'Amber Rodriguez','','','','University Book Store','','','Amber Rodriguez.@gmail.com'),
(146691,'amilam','','','','University Book Store','','','amilam.@gmail.com'),
(122,'Andrew Bassett','','','','University Book Store','','','Andrew Bassett.@gmail.com'),
(5,'Andrew Saenger','','Textbooks','','University Book Store','','','Andrew Saenger.@gmail.com'),
(28966,'Angela Peters','','','','University Book Store','','','Angela Peters.@gmail.com'),
(65556,'Anges Alcira','','','','University Book Store','','','Anges Alcira.@gmail.com'),
(30477,'Austin Glidden','','','','University Book Store','','','Austin Glidden.@gmail.com'),
(31419,'AVERY HICKS','','','','University Book Store','','','AVERY HICKS.@gmail.com'),
(27617,'bkupsis','','','','University Book Store','','','bkupsis.@gmail.com'),
(26153,'Blair Davies','','','','University Book Store','','','Blair Davies.@gmail.com'),
(30475,'Bryce Thompson','','','','University Book Store','','','Bryce Thompson.@gmail.com'),
(25615,'Cathy Newbury','','','','University Book Store','','','Cathy Newbury.@gmail.com'),
(32689,'cfrancis','','','','University Book Store','','','cfrancis.@gmail.com'),
(143907,'chedges','','','','University Book Store','','','chedges.@gmail.com'),
(30476,'Chelsie Anderson','','','','University Book Store','','','Chelsie Anderson.@gmail.com'),
(80774,'chill','','','','University Book Store','','','chill.@gmail.com'),
(14,'Christine Chen','','','','University Book Store','','','Christine Chen.@gmail.com'),
(232,'Chuck Mullendore','','Customer Service Manager','','University Book Store','','UBS Location','Chuck Mullendore.@gmail.com'),
(234,'CS SS NSPOS RESTlet User','','','','University Book Store','','','CS SS NSPOS RESTlet User.@gmail.com'),
(98900,'czhang','','','','University Book Store','','','czhang.@gmail.com'),
(30351,'david gambirazio','','','','University Book Store','','','david gambirazio.@gmail.com'),
(30350,'dgambirazio','','','','University Book Store','','','dgambirazio.@gmail.com'),
(30474,'Dillon Mills','','','','University Book Store','','','Dillon Mills.@gmail.com'),
(8,'Don Nickel','','','','University Book Store','','','Don Nickel.@gmail.com'),
(24324,'E Hoefer','','','','University Book Store','','','E Hoefer.@gmail.com'),
(103039,'echildersarnold','','','','University Book Store','','','echildersarnold.@gmail.com'),
(27621,'emunn','','','','University Book Store','','','emunn.@gmail.com'),
(59395,'Fabricio Pessoa','','','','University Book Store','','','Fabricio Pessoa.@gmail.com'),
(90933,'ghill','','','','University Book Store','','','ghill.@gmail.com'),
(128,'Graham O Daniel','','','','University Book Store','','','Graham O Daniel.@gmail.com'),
(25498,'Greg Sherman','','','','University Book Store','','','Greg Sherman.@gmail.com'),
(30471,'Iesha Lampton','','','','University Book Store','','','Iesha Lampton.@gmail.com'),
(153070,'iscofield','','','','University Book Store','','','iscofield.@gmail.com'),
(35601,'iwolson','','','','University Book Store','','','iwolson.@gmail.com'),
(126,'Jake Beckerleg','','','','University Book Store','','','Jake Beckerleg.@gmail.com'),
(26164,'jake beckerleg','','','','University Book Store','','','jake beckerleg.@gmail.com'),
(23196,'Jaylynn Bean','','','','University Book Store','','','Jaylynn Bean.@gmail.com'),
(153069,'jbernardino','','','','University Book Store','','','jbernardino.@gmail.com'),
(62109,'jblackney','','','','University Book Store','','','jblackney.@gmail.com'),
(68435,'jbyrd','','','','University Book Store','','','jbyrd.@gmail.com'),
(155127,'jcain','','','','University Book Store','','','jcain.@gmail.com'),
(3,'Jeff A Sieber','','Manager','','University Book Store','','','Jeff A Sieber.@gmail.com'),
(30472,'Jennifer Taylor','','','','University Book Store','','','Jennifer Taylor.@gmail.com'),
(80775,'jhill','','','','University Book Store','','','jhill.@gmail.com'),
(90932,'jkrenson','','','','University Book Store','','','jkrenson.@gmail.com'),
(90929,'jmccarthy','','','','University Book Store','','','jmccarthy.@gmail.com'),
(17,'Joey DePetrillo','','','','University Book Store','','','Joey DePetrillo.@gmail.com'),
(28964,'john bestie','','','','University Book Store','','','john bestie.@gmail.com'),
(30468,'Joy May','','','','University Book Store','','','Joy May.@gmail.com'),
(231,'Joy Nix','','Gift Buyer','','University Book Store','','','Joy Nix.@gmail.com'),
(27615,'jpinnick','','','','University Book Store','','','jpinnick.@gmail.com'),
(80772,'jprice','','','','University Book Store','','','jprice.@gmail.com'),
(12,'Julie Loiben','','','','University Book Store','','','Julie Loiben.@gmail.com'),
(87874,'kanog','','','','University Book Store','','','kanog.@gmail.com'),
(30479,'kathryn robinson','','','','University Book Store','','','kathryn robinson.@gmail.com'),
(29248,'katie robinson','','','','University Book Store','','','katie robinson.@gmail.com'),
(28967,'katrina barnett','','','','University Book Store','','','katrina barnett.@gmail.com'),
(230,'Kelly Leuck','','Human Resource Manager','','University Book Store','','','Kelly Leuck.@gmail.com'),
(11,'Kim Anderson','','','','University Book Store','','','Kim Anderson.@gmail.com'),
(35006,'kkixmiller','','','','University Book Store','','','kkixmiller.@gmail.com'),
(30355,'Konstantinos Tsitoumis','','','','University Book Store','','','Konstantinos Tsitoumis.@gmail.com'),
(140253,'kstewart','','','','University Book Store','','','kstewart.@gmail.com'),
(139333,'kstewartallen','','','','University Book Store','','','kstewartallen.@gmail.com'),
(7,'Kyle Ward','','Textbooks','','University Book Store','','','Kyle Ward.@gmail.com'),
(64843,'l,dehahn','','','','University Book Store','','','l,dehahn.@gmail.com'),
(233,'Laura  Broughton','','Stadium Manager','','University Book Store','','','Laura  Broughton.@gmail.com'),
(139332,'lburcham','','','','University Book Store','','','lburcham.@gmail.com'),
(60692,'Lois Ann Marcelo','','','','University Book Store','','','Lois Ann Marcelo.@gmail.com'),
(95464,'lshannahan','','','','University Book Store','','','lshannahan.@gmail.com'),
(86227,'lstell','','','','University Book Store','','','lstell.@gmail.com'),
(63429,'ltyler','','','','University Book Store','','','ltyler.@gmail.com'),
(86229,'lwen','','','','University Book Store','','','lwen.@gmail.com'),
(136677,'lwetzel','','','','University Book Store','','','lwetzel.@gmail.com'),
(67964,'Manuel Casaretto','','','','University Book Store','','','Manuel Casaretto.@gmail.com'),
(10,'Marcia Esders','','','','University Book Store','','','Marcia Esders.@gmail.com'),
(9,'Mark Coleman','','','','University Book Store','','','Mark Coleman.@gmail.com'),
(24858,'matt nix','','','','University Book Store','','','matt nix.@gmail.com'),
(24855,'MEGAN GARRETT','','','','University Book Store','','','MEGAN GARRETT.@gmail.com'),
(80773,'mhoffbauer','','','','University Book Store','','','mhoffbauer.@gmail.com'),
(15,'Michael Linder','','','','University Book Store','','','Michael Linder.@gmail.com'),
(121,'Mo Habib','','NS SCA Lead','','University Book Store','','','Mo Habib.@gmail.com'),
(66304,'mpaula','','','','University Book Store','','','mpaula.@gmail.com'),
(95773,'nevers','','','','University Book Store','','','nevers.@gmail.com'),
(66697,'ngronowski','','','','University Book Store','','','ngronowski.@gmail.com'),
(118,'NSPOS Web Services','','','','University Book Store','','','NSPOS Web Services.@gmail.com'),
(119,'NSPOS Web Services SB','','','','University Book Store','','','NSPOS Web Services SB.@gmail.com'),
(22994,'Pam Leader','','','','University Book Store','','','Pam Leader.@gmail.com'),
(125,'Peter Desimini','','','','University Book Store','','','Peter Desimini.@gmail.com'),
(95465,'ploessy','','','','University Book Store','','','ploessy.@gmail.com'),
(86228,'pstankard','','','','University Book Store','','','pstankard.@gmail.com'),
(65236,'r,coleman','','','','University Book Store','','','r,coleman.@gmail.com'),
(65237,'r,levans','','','','University Book Store','','','r,levans.@gmail.com'),
(22791,'Robin Murphy','','','','University Book Store','','','Robin Murphy.@gmail.com'),
(124,'Rodrigo  Rivero','','','','University Book Store','','','Rodrigo  Rivero.@gmail.com'),
(67798,'s,benton','','','','University Book Store','','','s,benton.@gmail.com'),
(16,'Sam Sherman','','','','University Book Store','','','Sam Sherman.@gmail.com'),
(23195,'Samantha Stader','','','','University Book Store','','','Samantha Stader.@gmail.com'),
(23395,'SANDY EVERETE','','','','University Book Store','','','SANDY EVERETE.@gmail.com'),
(67924,'sbenton','','','','University Book Store','','','sbenton.@gmail.com'),
(28962,'Sean Deyerle','','','','University Book Store','','','Sean Deyerle.@gmail.com'),
(63057,'Shaun Santos','','','','University Book Store','','','Shaun Santos.@gmail.com'),
(50895,'shoumes','','','','University Book Store','','','shoumes.@gmail.com'),
(27055,'SIMI VERMA','','','','University Book Store','','','SIMI VERMA.@gmail.com'),
(6,'Spencer White','','Textbooks','','University Book Store','','','Spencer White.@gmail.com'),
(-5,'Thomas Frey','','','','University Book Store','','','Thomas Frey.@gmail.com'),
(4,'Tim Kraska','','Web','','University Book Store','','','Tim Kraska.@gmail.com'),
(166242,'twilliams','','','','University Book Store','','','twilliams.@gmail.com'),
(13,'Vidhya Raghavan','','','','University Book Store','','','Vidhya Raghavan.@gmail.com'),
(31637,'Ville Metsapuro','','','','University Book Store','','','Ville Metsapuro.@gmail.com'),
(28048,'Vinita Pillai','','','','University Book Store','','','Vinita Pillai.@gmail.com'),
(27193,'Vishal Joshi','','','','University Book Store','','','Vishal Joshi.@gmail.com'),
(123,'Willie Miller','','','','University Book Store','','','Willie Miller.@gmail.com') ;



CREATE TABLE IF NOT EXISTS customer (
    `customer_id` INT,
    `name` VARCHAR(48) CHARACTER SET utf8,
    `category` VARCHAR(19) CHARACTER SET utf8,
    `primary_subsidiary` VARCHAR(21) CHARACTER SET utf8,
    `phone` VARCHAR(10) CHARACTER SET utf8,
    `email` VARCHAR(31) CHARACTER SET utf8,
    `sales_rep` INT
);
INSERT INTO customer VALUES
    (1839,'Christine Chen','Purdue Account','University Book Store','1112223333','cchen@netsuite.com',87874),
    (2361,'LAFAYETTE ROTARY','Purdue Account','University Book Store','Null','Null',30479),
    (2362,'PURDUE FEDERAL CREDIT UNION','Purdue Account','University Book Store','Null','Null',29248),
    (2363,'HABITAT FOR HUMANITY','Purdue Account','University Book Store','Null','Null',28967),
    (2364,'PURDUE ALUMNI ASSOCIATION','Purdue Account','University Book Store','7654945175','Null',28967),
    (2365,'INDIANA DEPARTMENT OF TRANSPORTATION','Purdue Account','University Book Store','Null','Null',28967),
    (2366,'BUSINESS OPPORTUNITY PROGRAM','Purdue Account','University Book Store','7654940903','Null',28967),
    (2367,'BILL PALMER & ASSOC. INC.','Purdue Account','University Book Store','3178431958','Null',28967),
    (2368,'FOLLETT''S BOILER BOOKSTORE','Purdue Account','University Book Store','Null','Null',28967),
    (2369,'WABASH NATIONAL','Purdue Account','University Book Store','Null','Null',28967),
    (2370,'PURDUE COLLEGE OF ENGINEERING','Purdue Account','University Book Store','7654945343','Null',28967),
    (2371,'WEEKEND MBA','Purdue Account','University Book Store','7654960510','Null',28967),
    (2372,'PURDUE CHEMICAL ENGINEERING','Purdue Account','University Book Store','Null','Null',29248),
    (2373,'BIRCK BOILERMAKER GOLF COMPLEX','Purdue Account','University Book Store','Null','Null',29248),
    (2374,'EDU PUBLICATIONS','Purdue Account','University Book Store','Null','Null',29248),
    (2375,'HSMA DEPT OF HOSPITALITY & TOURISM MGMT','Purdue Account','University Book Store','7654946218','Null',29248),
    (2376,'PURDUE WOMEN''S BASKETBALL','Purdue Account','University Book Store','Null','Null',29248),
    (2377,'LAFAYETTE BREWING COMPANY','Purdue Account','University Book Store','Null','Null',29248),
    (2378,'PEOPLE''S BREWING COMPANY','Purdue Account','University Book Store','Null','Null',29248),
    (2379,'FOOD FINDERS FOOD BANK','Purdue Account','University Book Store','Null','Null',29248),
    (2380,'PURDUE RESEARCH FOUNDATION','Purdue Account','University Book Store','Null','amwilloughby@purdueforlife.org',29248),
    (2381,'MONTESSORI SCHOOL OF GREATER LAFAYETTE','Purdue Account','University Book Store','Null','development@msgl.org',29248),
    (2382,'OFFICE OF THE DEAN OF INTERNATIONAL PROGRAMS','Purdue Account','University Book Store','7654949399','Null',29248),
    (2383,'PURDUE UNIV DEPT OF FORESTRY & NATURAL RESOURCES','Purdue Account','University Book Store','Null','Null',29248),
    (2384,'WABASH RIVER ENHANCEMENT CORP','Purdue Account','University Book Store','7653379100','Null',29248),
    (2385,'PURDUE ATHLETICS','Purdue Account','University Book Store','Null','ssalefske@purdue.edu',29248),
    (2386,'PURDUE ALUMNI CLUB OF HOUSTON','Purdue Account','University Book Store','Null','Null',29248),
    (2387,'PURDUE UNIV DIV OF RECREATIONAL SPORTS','Purdue Account','University Book Store','Null','Null',29248),
    (2388,'PURDUE ATHLETICS','Purdue Account','University Book Store','Null','cpeludat@purdue.edu',29248),
    (2389,'PURDUE POLYTECHNICS','Purdue Account','University Book Store','7658382344','Null',29248),
    (2390,'FRIENDS OF DOWNTOWN INC.','Purdue Account','University Book Store','Null','Null',29248),
    (2391,'PURDUE CONFERENCES','Purdue Account','University Book Store','7654947225','Null',29248),
    (2392,'PURDUE ATHLETICS','Purdue Account','University Book Store','Null','quinn0@purdue.edu',29248),
    (2393,'CUMBERLAND PARENT COUNCIL','Purdue Account','University Book Store','Null','Null',29248),
    (2394,'PURDUE RESEARCH FOUNDATION','Purdue Account','University Book Store','Null','Null',29248),
    (2395,'PURDUE COOPERATIVE EXTENSION SERVICE','Purdue Account','University Book Store','3177459260','Null',29248),
    (2396,'PURDUE ATHLETICS CHEER & SPIRIT SQUAD','Purdue Account','University Book Store','Null','Null',29248),
    (2397,'BOILER BRASS','Purdue Account','University Book Store','Null','Null',29248),
    (2398,'PURDUE SCHOOL OF CHEM ENGINEERING','Purdue Account','University Book Store','7654961094','Null',29248),
    (2399,'PURDUE RESEARCH FOUNDATION','Purdue Account','University Book Store','Null','Null',29248),
    (2400,'PURDUE SCHOOL OF MECHANICAL ENGINEERING','Purdue Account','University Book Store','Null','Null',29248),
    (2401,'DOWN ON MAIN STREET','Purdue Account','University Book Store','Null','Null',29248),
    (2402,'PURDUE ALUMNI ASSN S MCKINLEY','Purdue Account','University Book Store','Null','Null',29248),
    (2403,'DR KATHRYN SEIGFRIEDSPELLAR','Purdue Account','University Book Store','Null','Null',29248),
    (2404,'EAST END GRILL','Purdue Account','University Book Store','Null','Null',29248),
    (2405,'PURDUE ATHLETICS','Purdue Account','University Book Store','Null','Null',29248),
    (2406,'PURDUE ATHLETICS COMMUNICATIONS RM 2235','Purdue Account','University Book Store','Null','Null',29248),
    (2407,'PURDUE SOCCER ATTN: DREW ROFF','Purdue Account','University Book Store','Null','Null',29248),
    (2408,'PURDUE RESEARCH FOUNDATION/JPC','Purdue Account','University Book Store','Null','Null',29248),
    (2409,'PURDUE UNIV CONFERENCES','Purdue Account','University Book Store','Null','Null',29248),
    (2410,'PURDUE ATHLETICS','Purdue Account','University Book Store','Null','wthornbu@purdue.edu',29248),
    (2411,'PURDUE CHRISTIAN CAMPUS HOUSE','Purdue Account','University Book Store','Null','Null',30479),
    (2412,'PURDUE REC SPORTS AQUATIC CENTER','Purdue Account','University Book Store','Null','cvanover@purdue.edu',30479),
    (2413,'PURDUE HUMAN RESOURCES','Purdue Account','University Book Store','Null','Null',30479),
    (2414,'PURDUE TRACK & FIELD','Purdue Account','University Book Store','7654943852','Null',30479),
    (2415,'PURDUE INTERCOLLEGIATE ATHLETICS','Purdue Account','University Book Store','Null','Null',30479),
    (2416,'PURDUE MARKETING & MEDIA','Purdue Account','University Book Store','Null','Null',30479),
    (2417,'PURDUE INTERNATIONAL PROGRAMS IN AGRICULTURE','Purdue Account','University Book Store','Null','Null',30479),
    (2418,'PURDUE ATHLETICS','Purdue Account','University Book Store','Null','Null',30479),
    (2419,'MAXIMUMEDIA DESIGN','Purdue Account','University Book Store','Null','Null',30479),
    (2420,'PURDUE POLYTECHNIC','Purdue Account','University Book Store','Null','Null',30479),
    (2421,'PURDUE WOMEN''S BB CAMP','Purdue Account','University Book Store','Null','Null',30479),
    (2422,'PURDUE STUDENT SUCCESS CENTER','Purdue Account','University Book Store','Null','Null',30479),
    (2423,'PURDUE UNIV BLACK CULTURAL CENTER','Purdue Account','University Book Store','7654943092','Null',30479),
    (2424,'CITY OF WEST LAFAYETTE','Purdue Account','University Book Store','Null','Null',30479),
    (2425,'LAFAYETTE ADULT RESOURCE ACADEMY','Purdue Account','University Book Store','Null','Null',30479),
    (2426,'KANKAKEE VALLEY HIGH SCHOOL','Purdue Account','University Book Store','2199874711','Null',30479),
    (2427,'Slingshot','Purdue Account','University Book Store','Null','asnyder@slingshotedu.com',30479),
    (2428,'TEAYS RIVER BREWING & PUBLIC HOUSE','Purdue Account','University Book Store','Null','Null',30479),
    (2429,'ST JAMES LUTHERAN SCHOOL','Purdue Account','University Book Store','Null','Null',30479),
    (2430,'EMBROIDERY EXPRESS','Purdue Account','University Book Store','Null','Null',30479),
    (2431,'DREW ROFF SOCCER CAMPS LLC','Purdue Account','University Book Store','Null','Null',30479),
    (2432,'KRANNERT SCHOOL OF MGMT UNDERGRAD RECRUITMENT','Purdue Account','University Book Store','Null','sadildin@purdue.edu',30479),
    (2433,'PURDUE COLLEGE OF LIBERAL ARTS','Purdue Account','University Book Store','Null','Null',30479),
    (2434,'ALMOST HOME HUMANE SOCIETY','Purdue Account','University Book Store','Null','Null',30479),
    (2435,'SCHOOL OF ENGINEERING TECHNOLOGY','Purdue Account','University Book Store','Null','Null',30479),
    (2436,'THE MARKETING ARM','Purdue Account','University Book Store','Null','Null',30479),
    (2437,'UNIVERSITY STORE','Purdue Account','University Book Store','Null','Null',30479),
    (2438,'PURDUE OFFICE OF ADMISSIONS','Purdue Account','University Book Store','Null','Null',30479),
    (2439,'PURDUE UNIV HUMAN RESOURCES','Purdue Account','University Book Store','Null','Null',30479),
    (2440,'PURDUE ALUMNI CLUB OF SAN DIEGO','Purdue Account','University Book Store','Null','Null',30479),
    (2441,'PURDUE SCHOOL OF ENGINEERING EDUCATION','Purdue Account','University Book Store','Null','Null',30479),
    (2442,'BIOTOWN SEEDS','Purdue Account','University Book Store','2199846038','Null',30479),
    (2443,'PURDUE AGRICULTURAL ALUMNI ASSN','Purdue Account','University Book Store','Null','Null',30479),
    (2444,'HARRY''S CHOCOLATE SHOP','Purdue Account','University Book Store','7657427360','harrys4@harryschocolateshop.com',30479),
    (2445,'DISABILITY RESOURCE CENTER','Purdue Account','University Book Store','Null','Null',30479),
    (2446,'INDIANA FIDDLER''S GATHERING','Purdue Account','University Book Store','Null','Null',30479),
    (2447,'HAMILTON COUNTY EXTENSION','Purdue Account','University Book Store','Null','Null',30479),
    (2448,'PURDUE FEDERAL CREDIT UNION','Purdue Account','University Book Store','Null','lkilty@purduefed.com',30479),
    (2449,'GRAY''S COLLEGE BOOKSTORE','Purdue Account','University Book Store','Null','lifesgreatgray59@gmail.com',30479),
    (2450,'PURDUE ATHLETICS','Purdue Account','University Book Store','Null','Null',30479),
    (2451,'PURDUE PROMISE','Purdue Account','University Book Store','Null','Null',30479),
    (2452,'PURDUE ATHLETICS','Purdue Account','University Book Store','Null','klestins@purdue.edu',30479),
    (2453,'BOXERCRAFT','Purdue Account','University Book Store','Null','kjacobs@boxercraft.com',30479),
    (2454,'EXPLORATION ACRES','Purdue Account','University Book Store','Null','Null',30479),
    (2455,'BALL STATE UNIVERSITY','Purdue Account','University Book Store','7652851480','Null',30479),
    (2456,'PURDUE COLLEGE OF PHARMACY','Purdue Account','University Book Store','Null','Null',30479),
    (2457,'COLLEGE BOOK STORE, INC.','Purdue Account','University Book Store','Null','Null',30479),
    (2458,'CREATIVE, INC.','Purdue Account','University Book Store','Null','Null',30479),
    (2459,'STUDENT BOOK STORE AT PENN STATE','Purdue Account','University Book Store','Null','Null',30479),
    (2460,'NICHES LAND TRUST','Purdue Account','University Book Store','Null','Null',30479),
    (2561,'BOILER GOLD RUSH','Purdue Account','University Book Store','Null','Null',30479),
    (2562,'UBS RECEIVED ON ACCT','Purdue Account','University Book Store','Null','Null',30479),
    (2563,'1001 AMAZON SOFTGOODS',NULL,'University Book Store','5745245050','marcia@purdueu.com',30479),
    (2564,'Chuck Mullendore','Purdue Account','University Book Store','Null','Null',30479),
    (2565,'Tim Kraska','Purdue Account','University Book Store','Null','Null',30479),
    (2566,'KIMBERLY ANN PAULINE PORTER','Athlete','University Book Store','Null','Null',30479),
    (2567,'NOLAN PETTIS','Athlete','University Book Store','Null','Null',30479),
    (2568,'CASEY MATTHEWS','Athlete','University Book Store','Null','Null',30479),
    (2569,'BENJAMIN ZIOLKOWSKI','Athlete','University Book Store','Null','Null',30479),
    (2570,'CAMDEN EPPERT','Athlete','University Book Store','Null','Null',30479),
    (2571,'LINSEY DALUGA','Athlete','University Book Store','Null','Null',30479),
    (2572,'COURTNEY TUMBUSH','Athlete','University Book Store','Null','Null',30479),
    (2573,'CAITLIN HAMILTON','Athlete','University Book Store','Null','Null',30479),
    (2574,'ALEXANDER WHITE','Athlete','University Book Store','Null','Null',30479),
    (2575,'SAMANTHA NICOLE LEWIS','Athlete','University Book Store','Null','Null',30479),
    (2576,'CHARLES DESTRO','Athlete','University Book Store','Null','Null',30479),
    (2577,'STEPHEN SCHULZ','Athlete','University Book Store','Null','Null',30479),
    (2578,'KARI SHOOLBRAID','Athlete','University Book Store','Null','Null',30479),
    (2579,'JUSTIN DINIUS','Athlete','University Book Store','Null','Null',30479),
    (2580,'KAYLA MCCURDY','Athlete','University Book Store','Null','Null',30479),
    (2581,'CHRISTOPHER QUIRODA','Athlete','University Book Store','Null','Null',30479),
    (2582,'ANTWON HIGGS','Athlete','University Book Store','Null','Null',30479),
    (2583,'DANIELLA BUNCH','Athlete','University Book Store','Null','Null',30479),
    (2584,'MAIA MONCHEK','Athlete','University Book Store','Null','Null',30479),
    (2585,'CLARA KRIDLER','Athlete','University Book Store','Null','Null',30479),
    (2586,'ERIC D. MCDANIEL','Athlete','University Book Store','Null','Null',30479),
    (2587,'CODY DAVIS','Athlete','University Book Store','Null','Null',30479),
    (2588,'JUSTIN KITCHENS','Athlete','University Book Store','Null','Null',30479),
    (2589,'KEVIN PAMPHILE','Athlete','University Book Store','Null','Null',30479),
    (2590,'MICHAELA D. HOUSER','Athlete','University Book Store','Null','Null',30479),
    (2591,'CARLY CRAMER','Athlete','University Book Store','Null','Null',30479),
    (2592,'GABRISON HOLMES','Athlete','University Book Store','Null','Null',30479),
    (2593,'ANTAVIAN EDISON','Athlete','University Book Store','Null','Null',30479),
    (2594,'GARY BUSH','Athlete','University Book Store','Null','Null',30479),
    (2595,'EMILY ANN GULICK','Athlete','University Book Store','Null','Null',30479),
    (2596,'JACOB MICHAEL BROWN','Athlete','University Book Store','Null','Null',30479),
    (2961,'SUZANNE CUNNINGHAM','Student','University Book Store','7654145401','SCUNNING@PURDUE.EDU',30479),
    (2962,'PAUL BOWER','Student','University Book Store','7657434196','PBOWER@PURDUE.EDU',30479),
    (2963,'MALISSA ALLEN','Student','University Book Store','7654278974','malissa@purdue.edu',30479),
    (2964,'BENJAMIN MCCALLISTER','Student','University Book Store','7654278874','BMCCALLI@PURDUE.EDU',30479),
    (2965,'BRIAN JORDAN','Student','University Book Store','7654308209','JORDA112@PURDUE.EDU',30479),
    (2966,'LAURA BITTNER','Student','University Book Store','7654911285','bittnerl@purdue.edu',30479),
    (2967,'CARL HINTON','Student','University Book Store','7654211791','HINTONGCC@HOTMAIL.COM',30479),
    (2969,'ARISSUSANA SUTALIM','Student','University Book Store','7654979797','ASUTALIM@PURDUE.EDU',87874),
    (2970,'JOSEPH BUCINSKI','Student','University Book Store','7652372750','JBUCINSKI@YAHOO.COM',87874),
    (2971,'KRISTIN HARBERT','Student','University Book Store','7654138658','HARBERT@PURDUE.EDU',87874),
    (2972,'MONICA CHAPMAN','Student','University Book Store','3108445882','CHAPMA74@PURDUE.EDU',87874),
    (2973,'KHITAM KAIS','Student','University Book Store','7656376367','KKAIS@PURDUE.EDU',87874),
    (2974,'PHILIP LEMAN','Student','University Book Store','2198691127','PLEMAN216@GMAIL.COM',87874),
    (2975,'TONY CASTILLO','Student','University Book Store','7654905519','CASTILL81JR@YAHOO.COM',87874),
    (2976,'DANIEL SHIPMAN','Student','University Book Store','7654265076','DSHIPMAN@PURDUE.EDU',87874),
    (2977,'MICHAEL SCHRAMM','Student','University Book Store','7654710509','MICHAEL_D_SCHRAMM@HOTMAIL.COM',87874),
    (2979,'SALLY MEECH','Student','University Book Store','Null','sally@purdue.edu',87874),
    (2980,'LAURIE CAMP','Student','University Book Store','7654040348','CAMPL@PURDUE.EDU',87874),
    (2981,'CHRISTY RICH','Student','University Book Store','8436377055','CMRICH@PURDUE.EDU',87874),
    (2982,'BROOKE OR RYAN VERMILYA','Student','University Book Store','7653373069','WARFORD82@YAHOO.COM',87874),
    (2983,'JACOB WESTPHAL','Student','University Book Store','7657148095','JWESTPHA@PURDUE.EDU',87874),
    (2984,'SHAUNA HAINZ','Student','University Book Store','4805608652','SHAINZ@PURDUE.EDU',87874),
    (2985,'JOHN LEE','Student','University Book Store','7655324867','LEE1083@PURDUE.EDU',87874),
    (2986,'AMY LAGEVEEN','Student','University Book Store','7654187491','ALAGEVEE@PURDUE.EDU',87874),
    (2987,'ERIN HOLDERFIELD','Student','University Book Store','7654268338','ERINHOLDERFIELD@YAHOO.COM',87874),
    (2988,'CHARLES MANNING','Student','University Book Store','7654649693','CMANNIN@PURDUE.EDU',87874),
    (2989,'DONNA MOORE','Student','University Book Store','7654130512','DONNAMOORE03@GMAIL.COM',87874),
    (2990,'KIMBERLY BARGFELDT','Student','University Book Store','7654900751','KBARGFEL@PURDUE.EDU',87874),
    (2991,'RUPA SUBRAMANIAN','Student','University Book Store','5747070152','RSUBRAM@PURDUE.EDU',87874),
    (2992,'ADAM VANDEWALLE','Student','University Book Store','Null','AJVANDEW@PURDUE.EDU',87874),
    (2993,'MATT CARLIN','Student','University Book Store','7656090121','CARLINMATT.MC@GMAIL.COM',87874),
    (2994,'SCOTT JENSEN','Student','University Book Store','7654095589','SC.JENSEN@HOTMAIL.COM',87874),
    (2995,'Adam McKinney','Student','University Book Store','7657141182','AJMCKINN@PURDUE.EDU',87874),
    (2996,'COLBY HAGAN','Student','University Book Store','6154267716','CHAGAN90@GMAIL.COM',87874),
    (2997,'EDGAR KENNEBREW','Student','University Book Store','2483908800','EKENNEBR@PURDUE.EDU',87874),
    (2998,'BENJAMIN OLIVER','Student','University Book Store','7652422663','OLIVER64@PURDUE.EDU',87874),
    (2999,'BRITTANY PERRY','Student','University Book Store','7654143124','HARVEYB@PURDUE.EDU',87874),
    (3000,'ALEJANDRA MAGANA','Student','University Book Store','7654977363','ADMAGANA@PURDUE.EDU',87874),
    (3001,'RL MINOR STOUDMIRE','Student','University Book Store','7655432227','RMINOR@PURDUE.EDU',87874),
    (3002,'CHARLIE ROBINSON','Student','University Book Store','7655439301','CROBINSO@PURDUE.EDU',87874),
    (3003,'MATTHEW HALL','Student','University Book Store','5748068000','MDHALL87@GMAIL.COM',87874),
    (3004,'Thomas Daniel','Student','University Book Store','2193847338','TEDANIEL@ME.COM',87874),
    (3005,'AARON EDWARDS','Student','University Book Store','7653052692','EDWAR229@PURDUE.EDU',87874),
    (3006,'DEREK KULTGEN','Student','University Book Store','3124897991','DKULTGEN@PURDUE.EDU',87874),
    (3007,'GREG MEYER','Student','University Book Store','7659146978','GPMEYER@PURDUE.EDU',87874),
    (3008,'EVAN KINDIS','Student','University Book Store','2198632125','EKINDIG@PURDUE.EDU',87874),
    (3009,'KRISTIN ROBB','Student','University Book Store','2193071256','KROBB@PURDUE.EDU',87874),
    (3010,'ANTHONY CLEMENTE','Student','University Book Store','2195235905','CLEMENAM@PURDUE.EDU',87874),
    (3011,'AMRINDER RAI','Student','University Book Store','7656073890','RAI14@PURDUE.EDU',87874),
    (3012,'GARY BODINE','Student','University Book Store','7659185737','GBODINE@PURDUE.EDU',87874),
    (3013,'CAROLYN HOWARD','Student','University Book Store','7654140119','CSHOWARD@TSC.K12.IN.US',87874),
    (3014,'PATTI MORGAN','Student','University Book Store','7708919300','PCMORGAN@PURDUE.EDU',87874),
    (3015,'JOSEPH BOYLE','Student','University Book Store','3173724209','JBOYLE@PURDUE.EDU',87874),
    (3016,'MARYSOL MENDEZ','Student','University Book Store','7738090872','MAUDY.MENDEZ@GMAIL.COM',87874),
    (3017,'ELISE CONNOLLY','Student','University Book Store','2103320942','enconnol@purdue.edu',87874),
    (3018,'FREDERICK FORD','Student','University Book Store','7655867955','fcford@purdue.edu',87874),
    (3019,'MORGAN ATWELL','Student','University Book Store','7652697141','MATWELL@PURDUE.EDU',87874),
    (3020,'BYUNGCHAN AN','Student','University Book Store','7657756347','BAN@PURDUE.EDU',87874),
    (3021,'BRYCE WESTFALL','Student','University Book Store','5747801292','BWESTFAL@PURDUE.EDU',87874),
    (3022,'Elliot Mui','Student','University Book Store','7654306025','emui@purdue.edu',87874),
    (3023,'SEUNG JUNG','Student','University Book Store','Null','JUNG28@PURDUE.EDU',87874),
    (3024,'JENNIFER AYRES','Student','University Book Store','2198059237','JENNIFERAYRES17@GMAIL.COM',87874),
    (3025,'CAITLIN BRUNSON','Student','University Book Store','4047137553','CAITLINBRUNSON@ICLOUD.COM',87874),
    (3026,'HANS DUONG','Student','University Book Store','4795308595','HTDUONG89@GMAIL.COM',87874),
    (3027,'TAFADZWA NDEBELE','Student','University Book Store','3175603217','TNDEBELE@PURDUE.EDU',87874),
    (3028,'STACEY WEATHERS','Student','University Book Store','7653379573','A.REYHER@AOL.COM',87874),
    (3029,'SAMUEL CALLAHAN','Student','University Book Store','7656099071','CALLAH16@PURDUE.EDU',87874),
    (3030,'matt fisher','Student','University Book Store','7654185177','mfisher@purdue.edu',87874),
    (3031,'RUSSELL BRAYFIELD','Student','University Book Store','7658892644','RBRAYFIE@PURDUE.EDU',87874),
    (3032,'ELIZABETH HOLMES','Student','University Book Store','8477382685','eaholmes629@gmail.com',87874),
    (3033,'JOSHUA KAMMAN','Student','University Book Store','8125256681','JKAMMAN@ME.COM',87874),
    (3034,'Scott Jean','Student','University Book Store','7654303385','sajean@purdue.edu',87874),
    (3035,'WILBERFORCE ASARE','Student','University Book Store','7654091115','WASARE@PURDUE.EDU',87874),
    (3036,'KRISTINA HOLLARS','Student','University Book Store','8122496165','khollars@purdue.edu',87874),
    (3037,'JAMES ROUSH','Student','University Book Store','7654147425','ROUSHJ@PURDUE.EDU',87874),
    (3038,'JOANNA ROGOWSKI','Student','University Book Store','3174607658','JROGOWS@PURDUE.EDU',87874),
    (3039,'KEVIN ROBEY','Student','University Book Store','7657444423','KEVINROBEY@GMAIL.COM',87874),
    (3040,'JORDAN WADE','Student','University Book Store','7654649990','WADE4@PURDUE.EDU',87874),
    (3041,'KRISTEN SMOLE','Student','University Book Store','5745389407','KSMOLE@PURDUE.EDU',87874),
    (3042,'JACOB MACNAUGHT','Student','University Book Store','2604177279','jmacnaug@purdue.edu',87874),
    (3043,'SALMAN IQBAL','Student','University Book Store','2197077737','SIQBAL@PNW.EDU',87874),
    (3044,'JONATHAN STURM','Student','University Book Store','3179977633','STURMJ@PURDUE.EDU',87874),
    (3045,'CURTIS SCHROEDER','Student','University Book Store','3202666952','cschroe@purdue.edu',87874),
    (3046,'ISABELLA ROJAS','Student','University Book Store','Null','rojasi@purdue.edu',87874),
    (3047,'DREW JOHNSON','Student','University Book Store','7654132437','johns499@purdue.edu',87874),
    (3048,'RAVEN WIEGAND','Student','University Book Store','7654279937','WIEGANDR@PURDUE.EDU',87874),
    (27853,'GIEZZY CHAVEZDUARTE','InternalDoNotSelect','University Book Store','Null','gchavezd@purdue.edu',87874),
    (60905,'Manchester University Campus Store','Purdue Account','University Book Store','Null','hkgochenaur@manchester.edu',87874),
    (61432,'Purdue College of Liberal Arts','Null','University Book Store','Null','wrooks@purdue.edu',87874),
    (73407,'DEPARTMENT OF AGRICULTURAL ECONOMICS','Null','University Book Store','Null','Null',87874),
    (78205,'Purdue Dept of Agricultural Economics','Null','University Book Store','Null','tnance@purdue.edu',87874),
    (78262,'Purdue Dept of Comparative Pathobiology','Null','University Book Store','Null','jlewelle@purdue.edu',87874),
    (78847,'RFSJ, INC.','Null','University Book Store','Null','Null',87874),
    (89038,'Tiger Book Store','Null','University Book Store','Null','kjeffords@tigerbookstore.com',87874),
    (168822,'Purdue Mechanical Engineering','Null','University Book Store','Null','dwilcoxs@purdue.edu',87874);


CREATE TABLE IF NOT EXISTS customer_interaction (
    `sales_rep` INT,
    `partner` INT,
    `status` VARCHAR(19) CHARACTER SET utf8,
    `dc_session_active` VARCHAR(2) CHARACTER SET utf8
);
INSERT INTO customer_interaction VALUES
    (87874,NULL,'CUSTOMER-Closed Won','No'),
    (30479,NULL,'CUSTOMER-Closed Won','No'),
    (29248,NULL,'CUSTOMER-Closed Won','No'),
    (28967,NULL,'CUSTOMER-Closed Won','No'),
    (28967,NULL,'CUSTOMER-Closed Won','No'),
    (28967,NULL,'CUSTOMER-Closed Won','No'),
    (28967,NULL,'CUSTOMER-Closed Won','No'),
    (28967,NULL,'CUSTOMER-Closed Won','No'),
    (28967,NULL,'CUSTOMER-Closed Won','No'),
    (28967,NULL,'CUSTOMER-Closed Won','No'),
    (28967,NULL,'CUSTOMER-Closed Won','No'),
    (28967,NULL,'CUSTOMER-Closed Won','No'),
    (29248,NULL,'CUSTOMER-Closed Won','No'),
    (29248,NULL,'CUSTOMER-Closed Won','No'),
    (29248,NULL,'CUSTOMER-Closed Won','No'),
    (29248,NULL,'CUSTOMER-Closed Won','No'),
    (29248,NULL,'CUSTOMER-Closed Won','No'),
    (29248,NULL,'CUSTOMER-Closed Won','No'),
    (29248,NULL,'CUSTOMER-Closed Won','No'),
    (29248,NULL,'CUSTOMER-Closed Won','No'),
    (29248,NULL,'CUSTOMER-Closed Won','No'),
    (29248,NULL,'CUSTOMER-Closed Won','No'),
    (29248,NULL,'CUSTOMER-Closed Won','No'),
    (29248,NULL,'CUSTOMER-Closed Won','No'),
    (29248,NULL,'CUSTOMER-Closed Won','No'),
    (29248,NULL,'CUSTOMER-Closed Won','No'),
    (29248,NULL,'CUSTOMER-Closed Won','No'),
    (29248,NULL,'CUSTOMER-Closed Won','No'),
    (29248,NULL,'CUSTOMER-Closed Won','No'),
    (29248,NULL,'CUSTOMER-Closed Won','No'),
    (29248,NULL,'CUSTOMER-Closed Won','No'),
    (29248,NULL,'CUSTOMER-Closed Won','No'),
    (29248,NULL,'CUSTOMER-Closed Won','No'),
    (29248,NULL,'CUSTOMER-Closed Won','No'),
    (29248,NULL,'CUSTOMER-Closed Won','No'),
    (29248,NULL,'CUSTOMER-Closed Won','No'),
    (29248,NULL,'CUSTOMER-Closed Won','No'),
    (29248,NULL,'CUSTOMER-Closed Won','No'),
    (29248,NULL,'CUSTOMER-Closed Won','No'),
    (29248,NULL,'CUSTOMER-Closed Won','No'),
    (29248,NULL,'CUSTOMER-Closed Won','No'),
    (29248,NULL,'CUSTOMER-Closed Won','No'),
    (29248,NULL,'CUSTOMER-Closed Won','No'),
    (29248,NULL,'CUSTOMER-Closed Won','No'),
    (29248,NULL,'CUSTOMER-Closed Won','No'),
    (29248,NULL,'CUSTOMER-Closed Won','No'),
    (29248,NULL,'CUSTOMER-Closed Won','No'),
    (29248,NULL,'CUSTOMER-Closed Won','No'),
    (29248,NULL,'CUSTOMER-Closed Won','No'),
    (29248,NULL,'CUSTOMER-Closed Won','No'),
    (29248,NULL,'CUSTOMER-Closed Won','No'),
    (30479,NULL,'CUSTOMER-Closed Won','No'),
    (30479,NULL,'CUSTOMER-Closed Won','No'),
    (30479,NULL,'CUSTOMER-Closed Won','No'),
    (30479,NULL,'CUSTOMER-Closed Won','No'),
    (30479,NULL,'CUSTOMER-Closed Won','No'),
    (30479,NULL,'CUSTOMER-Closed Won','No'),
    (30479,NULL,'CUSTOMER-Closed Won','No'),
    (30479,NULL,'CUSTOMER-Closed Won','No'),
    (30479,NULL,'CUSTOMER-Closed Won','No'),
    (30479,NULL,'CUSTOMER-Closed Won','No'),
    (30479,NULL,'CUSTOMER-Closed Won','No'),
    (30479,NULL,'CUSTOMER-Closed Won','No'),
    (30479,NULL,'CUSTOMER-Closed Won','No'),
    (30479,NULL,'CUSTOMER-Closed Won','No'),
    (30479,NULL,'CUSTOMER-Closed Won','No'),
    (30479,NULL,'CUSTOMER-Closed Won','No'),
    (30479,NULL,'CUSTOMER-Closed Won','No'),
    (30479,NULL,'CUSTOMER-Closed Won','No'),
    (30479,NULL,'CUSTOMER-Closed Won','No'),
    (30479,NULL,'CUSTOMER-Closed Won','No'),
    (30479,NULL,'CUSTOMER-Closed Won','No'),
    (30479,NULL,'CUSTOMER-Closed Won','No'),
    (30479,NULL,'CUSTOMER-Closed Won','No'),
    (30479,NULL,'CUSTOMER-Closed Won','No'),
    (30479,NULL,'CUSTOMER-Closed Won','No'),
    (30479,NULL,'CUSTOMER-Closed Won','No'),
    (30479,NULL,'CUSTOMER-Closed Won','No'),
    (30479,NULL,'CUSTOMER-Closed Won','No'),
    (30479,NULL,'CUSTOMER-Closed Won','No'),
    (30479,NULL,'CUSTOMER-Closed Won','No'),
    (30479,NULL,'CUSTOMER-Closed Won','No'),
    (30479,NULL,'CUSTOMER-Closed Won','No'),
    (30479,NULL,'CUSTOMER-Closed Won','No'),
    (30479,NULL,'CUSTOMER-Closed Won','No'),
    (30479,NULL,'CUSTOMER-Closed Won','No'),
    (30479,NULL,'CUSTOMER-Closed Won','No'),
    (30479,NULL,'CUSTOMER-Closed Won','No'),
    (30479,NULL,'CUSTOMER-Closed Won','No'),
    (30479,NULL,'CUSTOMER-Closed Won','No'),
    (30479,NULL,'CUSTOMER-Closed Won','No'),
    (30479,NULL,'CUSTOMER-Closed Won','No'),
    (30479,NULL,'CUSTOMER-Closed Won','No'),
    (30479,NULL,'CUSTOMER-Closed Won','No'),
    (30479,NULL,'CUSTOMER-Closed Won','No'),
    (30479,NULL,'CUSTOMER-Closed Won','No'),
    (30479,NULL,'CUSTOMER-Closed Won','No'),
    (30479,NULL,'CUSTOMER-Closed Won','No'),
    (30479,NULL,'CUSTOMER-Closed Won','No'),
    (30479,NULL,'CUSTOMER-Closed Won','No'),
    (30479,NULL,'CUSTOMER-Closed Won','No'),
    (30479,NULL,'CUSTOMER-Closed Won','No'),
    (30479,NULL,'CUSTOMER-Closed Won','No'),
    (30479,NULL,'CUSTOMER-Closed Won','No'),
    (30479,NULL,'CUSTOMER-Closed Won','No'),
    (30479,NULL,'CUSTOMER-Closed Won','No'),
    (30479,NULL,'CUSTOMER-Closed Won','No'),
    (30479,NULL,'CUSTOMER-Closed Won','No'),
    (30479,NULL,'CUSTOMER-Closed Won','No'),
    (30479,NULL,'CUSTOMER-Closed Won','No'),
    (30479,NULL,'CUSTOMER-Closed Won','No'),
    (30479,NULL,'CUSTOMER-Closed Won','No'),
    (30479,NULL,'CUSTOMER-Closed Won','No'),
    (30479,NULL,'CUSTOMER-Closed Won','No'),
    (30479,NULL,'CUSTOMER-Closed Won','No'),
    (30479,NULL,'CUSTOMER-Closed Won','No'),
    (30479,NULL,'CUSTOMER-Closed Won','No'),
    (30479,NULL,'CUSTOMER-Closed Won','No'),
    (30479,NULL,'CUSTOMER-Closed Won','No'),
    (30479,NULL,'CUSTOMER-Closed Won','No'),
    (30479,NULL,'CUSTOMER-Closed Won','No'),
    (30479,NULL,'CUSTOMER-Closed Won','No'),
    (30479,NULL,'CUSTOMER-Closed Won','No'),
    (30479,NULL,'CUSTOMER-Closed Won','No'),
    (30479,NULL,'CUSTOMER-Closed Won','No'),
    (30479,NULL,'CUSTOMER-Closed Won','No'),
    (30479,NULL,'CUSTOMER-Closed Won','No'),
    (30479,NULL,'CUSTOMER-Closed Won','No'),
    (30479,NULL,'CUSTOMER-Closed Won','No'),
    (30479,NULL,'CUSTOMER-Closed Won','No'),
    (30479,NULL,'CUSTOMER-Closed Won','No'),
    (30479,NULL,'CUSTOMER-Closed Won','No'),
    (30479,NULL,'CUSTOMER-Closed Won','No'),
    (30479,NULL,'CUSTOMER-Closed Won','No'),
    (30479,NULL,'CUSTOMER-Closed Won','No'),
    (30479,NULL,'CUSTOMER-Closed Won','No'),
    (30479,NULL,'CUSTOMER-Closed Won','No'),
    (30479,NULL,'CUSTOMER-Closed Won','No'),
    (30479,NULL,'CUSTOMER-Closed Won','No'),
    (30479,NULL,'CUSTOMER-Closed Won','No'),
    (30479,NULL,'CUSTOMER-Closed Won','No'),
    (30479,NULL,'CUSTOMER-Closed Won','No'),
    (30479,NULL,'CUSTOMER-Closed Won','No'),
    (30479,NULL,'CUSTOMER-Closed Won','No'),
    (87874,NULL,'CUSTOMER-Closed Won','No'),
    (87874,NULL,'CUSTOMER-Closed Won','No'),
    (87874,NULL,'CUSTOMER-Closed Won','No'),
    (87874,NULL,'CUSTOMER-Closed Won','No'),
    (87874,NULL,'CUSTOMER-Closed Won','No'),
    (87874,NULL,'CUSTOMER-Closed Won','No'),
    (87874,NULL,'CUSTOMER-Closed Won','No'),
    (87874,NULL,'CUSTOMER-Closed Won','No'),
    (87874,NULL,'CUSTOMER-Closed Won','No'),
    (87874,NULL,'CUSTOMER-Closed Won','No'),
    (87874,NULL,'CUSTOMER-Closed Won','No'),
    (87874,NULL,'CUSTOMER-Closed Won','No'),
    (87874,NULL,'CUSTOMER-Closed Won','No'),
    (87874,NULL,'CUSTOMER-Closed Won','No'),
    (87874,NULL,'CUSTOMER-Closed Won','No'),
    (87874,NULL,'CUSTOMER-Closed Won','No'),
    (87874,NULL,'CUSTOMER-Closed Won','No'),
    (87874,NULL,'CUSTOMER-Closed Won','No'),
    (87874,NULL,'CUSTOMER-Closed Won','No'),
    (87874,NULL,'CUSTOMER-Closed Won','No'),
    (87874,NULL,'CUSTOMER-Closed Won','No'),
    (87874,NULL,'CUSTOMER-Closed Won','No'),
    (87874,NULL,'CUSTOMER-Closed Won','No'),
    (87874,NULL,'CUSTOMER-Closed Won','No'),
    (87874,NULL,'CUSTOMER-Closed Won','No'),
    (87874,NULL,'CUSTOMER-Closed Won','No'),
    (87874,NULL,'CUSTOMER-Closed Won','No'),
    (87874,NULL,'CUSTOMER-Closed Won','No'),
    (87874,NULL,'CUSTOMER-Closed Won','No'),
    (87874,NULL,'CUSTOMER-Closed Won','No'),
    (87874,NULL,'CUSTOMER-Closed Won','No'),
    (87874,NULL,'CUSTOMER-Closed Won','No'),
    (87874,NULL,'CUSTOMER-Closed Won','No'),
    (87874,NULL,'CUSTOMER-Closed Won','No'),
    (87874,NULL,'CUSTOMER-Closed Won','No'),
    (87874,NULL,'CUSTOMER-Closed Won','No'),
    (87874,NULL,'CUSTOMER-Closed Won','No'),
    (87874,NULL,'CUSTOMER-Closed Won','No'),
    (87874,NULL,'CUSTOMER-Closed Won','No'),
    (87874,NULL,'CUSTOMER-Closed Won','No'),
    (87874,NULL,'CUSTOMER-Closed Won','No'),
    (87874,NULL,'CUSTOMER-Closed Won','No'),
    (87874,NULL,'CUSTOMER-Closed Won','No'),
    (87874,NULL,'CUSTOMER-Closed Won','No'),
    (87874,NULL,'CUSTOMER-Closed Won','No'),
    (87874,NULL,'CUSTOMER-Closed Won','No'),
    (87874,NULL,'CUSTOMER-Closed Won','No'),
    (87874,NULL,'CUSTOMER-Closed Won','No'),
    (87874,NULL,'CUSTOMER-Closed Won','No'),
    (87874,NULL,'CUSTOMER-Closed Won','No'),
    (87874,NULL,'CUSTOMER-Closed Won','No'),
    (87874,NULL,'CUSTOMER-Closed Won','No'),
    (87874,NULL,'CUSTOMER-Closed Won','No'),
    (87874,NULL,'CUSTOMER-Closed Won','No'),
    (87874,NULL,'CUSTOMER-Closed Won','No'),
    (87874,NULL,'CUSTOMER-Closed Won','No'),
    (87874,NULL,'CUSTOMER-Closed Won','No'),
    (87874,NULL,'CUSTOMER-Closed Won','No'),
    (87874,NULL,'CUSTOMER-Closed Won','No'),
    (87874,NULL,'CUSTOMER-Closed Won','No'),
    (87874,NULL,'CUSTOMER-Closed Won','No'),
    (87874,NULL,'CUSTOMER-Closed Won','No'),
    (87874,NULL,'CUSTOMER-Closed Won','No'),
    (87874,NULL,'CUSTOMER-Closed Won','No'),
    (87874,NULL,'CUSTOMER-Closed Won','No'),
    (87874,NULL,'CUSTOMER-Closed Won','No'),
    (87874,NULL,'CUSTOMER-Closed Won','No'),
    (87874,NULL,'CUSTOMER-Closed Won','No'),
    (87874,NULL,'CUSTOMER-Closed Won','No'),
    (87874,NULL,'CUSTOMER-Closed Won','No'),
    (87874,NULL,'CUSTOMER-Closed Won','No'),
    (87874,NULL,'CUSTOMER-Closed Won','No'),
    (87874,NULL,'CUSTOMER-Closed Won','No'),
    (87874,NULL,'CUSTOMER-Closed Won','No'),
    (87874,NULL,'CUSTOMER-Closed Won','No'),
    (87874,NULL,'CUSTOMER-Closed Won','No'),
    (87874,NULL,'CUSTOMER-Closed Won','No'),
    (87874,NULL,'CUSTOMER-Closed Won','No'),
    (87874,NULL,'CUSTOMER-Closed Won','No'),
    (87874,NULL,'CUSTOMER-Closed Won','No'),
    (87874,NULL,'CUSTOMER-Closed Won','No'),
    (87874,NULL,'CUSTOMER-Closed Won','No'),
    (87874,NULL,'CUSTOMER-Closed Won','No'),
    (87874,NULL,'CUSTOMER-Closed Won','No'),
    (87874,NULL,'CUSTOMER-Closed Won','No'),
    (87874,NULL,'CUSTOMER-Closed Won','No'),
    (87874,NULL,'CUSTOMER-Closed Won','No'),
    (87874,NULL,'CUSTOMER-Closed Won','No'),
    (87874,NULL,'CUSTOMER-Closed Won','No'),
    (87874,NULL,'CUSTOMER-Closed Won','No'),
    (87874,NULL,'CUSTOMER-Closed Won','No'),
    (87874,NULL,'CUSTOMER-Closed Won','No'),
    (87874,NULL,'CUSTOMER-Closed Won','No'),
    (87874,NULL,'CUSTOMER-Closed Won','No'),
    (87874,NULL,'CUSTOMER-Closed Won','No'),
    (87874,NULL,'CUSTOMER-Closed Won','No'),
    (87874,NULL,'CUSTOMER-Closed Won','No'),
    (87874,NULL,'CUSTOMER-Closed Won','No');


CREATE TABLE IF NOT EXISTS item_category(
`category_id` INT,
`category_name` VARCHAR( 50 )
)

insert into item_category values
(7130,"Goodies"),
(7125,"Educational Books"),
(7115,"Fictional Books"),
(6850,"Romance "),
(6830,"History"),
(6820,"Classics"),
(6805,"Thriller"),
(6520,"Investigative"),
(6515,"Magazines"),
(6510,"Comedies"),
(6505,"Standardized textbooks"),
(6508,"Stationary");


CREATE TABLE IF NOT EXISTS item(
`item_id` VARCHAR( 50 ) ,
`item_description` VARCHAR( 50 ) ,
Category_id INT,
price INT
)

insert into item values
("14","NEW BRAVE NEW WORLD",7125,56),
("9990090836","NEW The Essential Rumi (Expanded)",7115,55),
("72225210090","NEW ServSafe Answer Sheet for Coursebook and Manager",6850,81),
("2","NEW Selected Writings",6830,9),
("302","EPIC OF GILGAMESH",6820,15),
("1","NEW DISCOURSE ON INEQUALITY",6805,84),
("3522201001","NEW STRANGE TALES FROM A CHINESE STUDIO",6520,46),
("68050595004","NEW The Divine Comedy: Volume 1: Inferno",6515,93),
("68050595010","NEW The Decameron (Revised)",6510,21),
("68050595020","NEW Meditations",7125,14),
("22171","NEW CANDIDE:OR OPTIMISM",7115,46),
("652010920","NEW UNTOUCHABLE",6850,42),
("61035211202","NEW Between Past and Future: Eight Exercises in Political Thought",6830,71),
("67264929601","HAMLET",6820,78),
("67264929605","NEW A Midsummer Night's Dream",6805,81),
("67264929610","NEW Through a Glass Brightly: Using Science to See Our Species as We Really Are",6520,40),
("67264929611","NEW The Renaissance Philosophy of Man: Petrarca, Valla, Ficino, Pico, Pomponazzi, Vives",6515,12),
("85944000704","STRUCTURE OF SCIENTIFIC REVOLUTIONS",6510,20),
("85944000708","NEW The Prince",6505,50),
("86299800003","NEW The Misinformation Age: How False Beliefs Spread",7125,85),
("86299800005","NEW THINGS FALL APART",7115,10),
("86299800007","NEW Into the Wild",6850,77),
("3660207992","NEW GIVE ME LIBERTY,SEAGULL ED.V.2",6830,93),
("6932090993","NEW LORD OF THE FLIES",6820,79),
("7166101202","NEW Robinson Crusoe",6805,84),
("7301031409","NEW SIDDHARTHA",6520,77),
("8241744001","NEW Nietzsche: The Gay Science",6515,40),
("38137004754","DISCIPLINE+PUNISH",6510,66),
("67811225418","NEW Deaths of Despair and the Future of Capitalism",6505,22),
("651043431","NEW Man's Search for Meaning",7125,18),
("2429100900","NEW HERITAGE",7115,6),
("3373201192","NEW STAGE RIGGING HANDBOOK",6850,15),
("3600012323","NEW BLOODY LOWNDES",6830,6),
("4145701520","DIALOGUES CONCERNING NATURAL RELIGION",6820,25),
("8531700794","NEW DISCOURSE ON METHOD+MEDIT.ON 1ST PHIL.",6805,62),
("38137003001","ANTIGONE",6520,53),
("60933221626","NEW ESSENTIAL AENEID",6515,45),
("65570812089","NEW ESSENTIAL ODYSSEY",6510,70),
("72295022452","NEW MERRIAM-WEBSTER'S SPANISH-ENGLISH DICTIO",6505,74),
("72295030055","NEW MOLECULAR MODEL KIT",7125,71),
("72295033698","NEW When They Call You a Terrorist: A Black Lives Matter Memoir",7115,83),
("72295033846","SCHAUM'S OUTLINES:ELECTROMAGNETICS",6850,27),
("79285000916","LOOSE-LEAF SHIGLEY'S MECHANICAL ENGINEERING DESIGN",6830,44),
("79285010999","NEW Comparative Governance: Political Structure and Diversity Across the Glode",6820,51),
("79285011099","NEW PUBL.MAN.OF AM.PSYCH.ASSOC. (PB)",6805,20),
("79285013699","NEW Construction Accounting Workbook",6520,20),
("79285064857","NEW ICLICKER2 STUDENT REMOTE (REV)",6515,44),
("79285090074","NEW PORTAILS 2 ACCESS CODE ONLY",6510,36),
("79285090093","NEW For the Sake of Argument: How to Do Philosophy",6505,59),
("79285090114","NEW Pandemic Bioethics",7125,18),
("79285090912","ARE PRISONS OBSOLETE?",7115,6),
("79285090919","NEW BLOODCHILD+OTHER STORIES",6850,52),
("84885801211","NEW Roadside Picnic",6830,61),
("785631102","NEW Hard to Be a God",6820,74),
("8307811314","AIRCRAFT DESIGN: A CONCEPTUAL APPROACH",6805,30),
("30041100808","NEW Fall 2021 CS 159 Lab Manual",6520,87),
("65570801828","NEW ME 323: Mechanics of Materials",6515,98),
("65570801903","NEW Loose-Leaf Contemporary Sport Management",6510,82),
("65570801911","NEW STUDENT LAB.NOTEBK.:100 SPIRAL",6505,47),
("72295032846","Ballinby Boys",7125,16),
("72295032924","Nothing But Capers",7115,92),
("72295032927","Alanna Saves the Day",6850,62),
("72295034078","Post Alley",6830,97),
("72295034136","Thatchwork Cottage",6820,71),
("72295035172","Zero over Twelve",6805,41),
("72295035204","Portmeirion",6520,94),
("72295035324","Rystwyth",6515,15),
("72295035341","The Mallemaroking",6510,64),
("72295035401","Can I Be Honest?",6505,47),
("81000619020","No More Lightning",7125,65),
("81000619040","9803 North Millworks Road",7115,26),
("81000619047","The Winchcombe Railway Museum Heist",6850,38),
("81000619169","(im)Mortality",6830,66),
("81000619171","the life and times of an utterly inconsequential person",6820,15),
("81000619355","Land Water Sky Space",6805,64),
("81000619357","And I Said Yes",6520,22),
("81000619363","Interrobangs for All",6515,29),
("81000619522","Kalakalal Avenue",6510,59),
("81000619527","Banana Slug and the Glass Half Full",6505,68),
("81000619626","Not to Gossip, But",7125,80),
("81000619656","The Thing Is",7115,17),
("81000619729","Concerning Prophecy",6850,60),
("81000619784","Banana Slug and the Lost Cow",6830,43),
("81676702026","Banana Slug and Xyr Friends",6820,40),
("81676702253","Cimornul",6805,91),
("81676702355","Quiddity and Quoddity",6520,95),
("81719601287","The Startling End of Mr. Hidhoo",6515,98),
("81719601524","Say it with Snap!",6510,80),
("81719601599","The Elephant House",6505,30),
("80303010013","A Horrible Human with the Habits of a Monster",7125,88),
("80303010014","Turn Left Til You Get There",7115,46),
("80303010015","Dust on the Rim",6850,69),
("80303010016","Tales of the Compass",6830,98),
("85562600524","Burnished Silver",6820,44),
("1739600100","Did You Hear?",6805,30),
("1739600202","Lace and Brandy",6520,79),
("1739600403","Muddy Waters",6515,32),
("1739600510","Saint Esme",6510,18),
("1739600700","The Scent of Oranges",6505,90),
("1739601495","The Seawitch Sings",7125,25),
("842135211","Whither Thou Goest",7115,53),
("842135306","Some Eggs or Something?",6850,82),
("842136252","Hashtag QuokkaSelfie",6830,86),
("842136448","It's Never Just a Glass",6820,85),
("842136450","Banana Slug and the Mossy Rock",6805,30),
("842136501","Heliotrope Pajamas",6520,60),
("842136670","Inconvenient Confessions: a memoir",6515,89),
("842136673","Who Did You Think You Were Kidding?",6510,88),
("842136677","Natural Pamplemousse",6505,29),
("842141261","We're Sisters and We Kinda Like Each Other",7125,39),
("842141263","Don't Check your Ego",7115,65),
("842142311","Soft, Pliable Truth",6850,94),
("842142406","She Also Tottered",6830,78),
("842142410","The Spark and The Ashes",6820,59),
("6581002938","The Triscanipt",6805,23),
("63871347196","Adventures of Kaya",6520,17),
("66547551071","The Deep Grey",6515,75),
("66547551137","Pen Set",6508,61),
("66547551321","Binder",6508,49),
("66547551339","Pencil",6508,52),
("66547552152","Desk",6508,75),
("66547552312","Pen",6508,80),
("76763621105","Fundamentals of Wavelets",7125,48),
("54040060439","Data Smart",7115,48),
("642510018","God Created the Integers",6850,30),
("642521212","Superfreakonomics",6830,69),
("1261569747","Orientalism",6820,98),
("1261569785","Nature of Statistical Learning Theory, The",6805,10),
("1261569809","Integration of the Indian States",6520,13),
("1261570354","Drunkard's Walk, The",6515,74),
("1261571505","Image Processing & Mathematical Morphology",6510,20),
("1261571914","How to Think Like Sherlock Holmes",6505,14),
("1261573152","Data Scientists at Work",6508,42),
("1261573958","Slaughterhouse Five",7125,21),
("1261573989","Birth of a Theorem",7115,91),
("1261574347","Structure & Interpretation of Computer Programs",6850,29),
("2839910203","Age of Wrath, The",6830,83),
("2839913929","Trial, The",6820,79),
("6581012758","Statistical Decision Theory'",6805,17),
("6581094693","Data Mining Handbook",6520,27),
("7385400914","New Machiavelli, The",6515,97),
("8281501200","Physics & Philosophy",6510,100),
("8281508800","Making Software",6505,84),
("8281527320","Analysis, Vol I",6508,44),
("8281580189","Machine Learning for Hackers",7125,61),
("9578714901","Signal and the Noise, The",7115,66),
("60239403702","Python for Data Analysis",6850,91),
("61261504397","Introduction to Algorithms",6830,24),
("61261506534","Beautiful and the Damned, The",6820,22),
("63871309452","Outsider, The",6805,6),
("63871316772","Purdue Cap",7130,26),
("63871317410","Purdue Hoodie White",7130,44),
("63871326029","Purdue Flag",7130,54),
("63871326232","Harrry's Hoodie",7130,26),
("63871328521","Harry's Tshirt",7130,22),
("63871341997","Purdue Tshirt",7130,28),
("63871342146","Purdue Tshirt Grey",7130,48),
("63871342221","Purdue Football",7130,96),
("63871344834","Purdue Coffee mug",7130,10),
("66137179960","Purdue Waterbottle",7130,87),
("66137181770","Bumper Stickers",7130,52),
("66547518095","Return of the Primitive",7125,21),
("66547518245","Jurassic Park",7115,29),
("66547518264","Russian Journal, A",6850,36),
("66547519254","Tales of Mystery and Imagination",6830,94),
("66547519302","Freakonomics",6820,90),
("66547519312","Hidden Connections, The",6805,63),
("67264922891","Story of Philosophy, The",6520,8),
("67264929507","Asami Asami",6515,18),
("67264929665","Journal of a Novel",6510,34),
("67264929742","Once There Was a War",6505,77),
("68396360634","Moon is Down, The",7125,75),
("68396360684","Brethren, The",7115,91),
("68396361164","In a Free State",6850,9),
("72295033704","Catch 22",6830,9),
("75055700352","Complete Mastermind, The",6820,6),
("81988702323","Dylan on Dylan",6805,97),
("86406200010","Soft Computing & Intelligent Systems",6520,97),
("97473065879","Textbook of Economic Theory",6515,23),
("81874701078","Econometric Analysis",6510,60),
("81874701103","Learning OpenCV",6505,48),
("81874701419","Data Structures Using C & C++",7125,87),
("82546612064","Computer Vision, A Modern Approach",7115,73),
("88600360891","Principles of Communication Systems",6850,57),
("88600361773","Let Us C",6830,31),
("88600365743","Amulet of Samarkand, The",6820,10),
("88600371532","Crime and Punishment",6805,85),
("88600371638","Angels & Demons",6520,98),
("88600371989","Argumentative Indian, The",6515,15),
("88600374299","Sea of Poppies",6510,96),
("88600374675","Idea of Justice, The",6505,70),
("88600374734","Raisin in the Sun, A",7125,24),
("88600374735","All the President's Men",7115,54),
("88600374773","Prisoner of Birth, A",6850,39),
("88600374774","Scoop!",6830,65),
("88600374775","Ahe Manohar Tari",6820,25),
("88600375319","Last Mughal, The",6805,46),
("88600378957","Social Choice & Welfare, Vol 39 No. 1",6520,29),
("88600379002","Radiowaril Bhashane & Shrutika",6515,90),
("88600379037","Gun Gayin Awadi",6510,100),
("88600379165","Aghal Paghal",6505,96),
("88600380194","Maqta-e-Ghalib",7125,93),
("88600380377","Beyond Degrees",7115,49),
("88600380387","Manasa",6850,97),
("88600380388","India from Midnight to Milennium",6830,46),
("88600380398","World's Greatest Trials, The",6820,74),
("88600380400","Great Indian Novel, The",6805,59),
("88600380407","O Jerusalem!",6520,65),
("88600380414","City of Joy, The",6515,20),
("88600380440","Freedom at Midnight",6510,56),
("88600380605","Winter of Our Discontent, The",6505,99),
("88600380615","On Education",7125,30),
("88600380695","Free Will",7115,30),
("88600382321","Bookless in Baghdad",6850,76),
("80303000101","Case of the Lame Canary, The",6830,91),
("80303000102","Theory of Everything, The",6820,74),
("210","New Markets & Other Essays",6805,5),
("120","Electric Universe",6520,86),
("130","Hunchback of Notre Dame, The",6515,42),
("1200017319","Burning Bright",6510,85),
("5200032481","Age of Discontuinity, The",6505,15),
("5200032866","Doctor in the Nude",7125,99),
("7084701247","Down and Out in Paris & London",7115,68),
("7550604202","Identity & Violence",6850,58),
("7550605040","Beyond the Three Seas",6830,15),
("7550605060","World's Greatest Short Stories, The",6820,34),
("8304600013","Talking Straight",6805,54),
("8390000577","Maugham's Collected Short Stories, Vol 3",6520,98),
("71941050001","Phantom of Manhattan, The",6515,87),
("71941080001","Ashenden of The British Agent",6510,9),
("80406600043","Zen & The Art of Motorcycle Maintenance",6505,63),
("229730","Great War for Civilization, The",7125,33),
("980080005","We the Living",7115,83),
("1708289041","Artist and the Mathematician, The",6850,51),
("2840000997","History of Western Philosophy",6830,75),
("2840001043","Selected Short Stories",6820,83),
("2840001254","Rationality & Freedom",6805,100),
("2840001255","Clash of Civilizations and Remaking of the World Order",6520,96),
("2840003979","Uncommon Wisdom",6515,53),
("2840004348","One",6510,67),
("2840004790","Karl Marx Biography",6505,54),
("2840004793","To Sir With Love",7125,54),
("2840004802","Half A Life",7115,40),
("2840005945","Discovery of India, The",6850,36),
("2840007054","Apulki",6830,90),
("2840007056","Unpopular Essays",6820,81),
("2840007188","Deceiver, The",6805,15),
("2840007189","Veil: Secret Wars of the CIA",6520,61),
("2840007325","Char Shabda",6515,11),
("2840007326","Rosy is My Relative",6510,16),
("2840008278","Moon and Sixpence, The",6505,82),
("2840009156","Political Philosophers",7125,31),
("2900007535","Short History of the World, A",7115,44),
("2900007538","Trembling of a Leaf, The",6850,76),
("3000002912","Doctor on the Brain",6830,98),
("3010012515","Simpsons & Their Mathematical Secrets",6820,38),
("3010012518","Pattern Classification",6805,51),
("3800084551","From Beirut to Jerusalem",6520,52),
("3904700146","Code Book, The",6515,55),
("4245605113","Age of the Warrior, The",6510,79),
("4400004700","Final Crisis",6505,69),
("7203001384","Killing Joke, The",7125,68),
("7232070006","Flashpoint",7115,68),
("7314115004","Batman Earth One",6850,16),
("7314115304","Crisis on Infinite Earths",6830,67),
("7314115315","Numbers Behind Numb3rs, The",6820,34),
("40180777972","Superman Earth One - 1",6805,59),
("59051875001","Superman Earth One - 2",6520,5),
("72225210120","Justice League: Throne of Atlantis",6515,73),
("89757400040","Justice League: The Villain's Journey",6510,8),
("404320","Death of Superman, The",6505,86),
("80052760","History of the DC Universe",7125,18),
("1070006080","Batman: The Long Halloween",7115,30),
("1070080722","Life in Letters, A",6850,67),
("1254601109","Information, The",6830,85),
("1254601144","Journal of Economics, vol 106 No 3",6820,58),
("1254601147","Elements of Information Theory",6805,97),
("1708287745","Power Electronics - Rashid",6520,66);


CREATE TABLE IF NOT EXISTS channel (
    `channel_id` varchar(50),
    `channel_type` varchar(50),
    cost float
);
Insert into channel values
(1001,"Offline",0.05),
(1002,"Offline",0.08),
(2001,"Online",0.1),
(2002,"Online",0.03),
(2003,"Online",0.04),
(2004,"Online",0.07),
(2005,"Online",0.1),
(2006,"Online",0.12),
(2007,"Online",0.06),
(2008,"Online",0.07),
(2009,"Online",0.03),
(2010,"Online",0.02);


CREATE TABLE IF NOT EXISTS online (
    `channel_id` varchar(50),
    `web_url` varchar(50)
);
insert into online values
(2001,"www.amazon.com/ubs"),
(2002,"www.walmart.com/ubs"),
(2003,"www.ebay.com/ubs"),
(2004,"www.bestbuy.com/ubs"),
(2005,"getbootstrap.com/ubs"),
(2006,"www.purdueu.com");

CREATE TABLE IF NOT EXISTS offline (
    `channel_id` varchar(50),
    `address` varchar(50)
);
insert into offline values
(
1001,"360 W State St, West Lafayette, IN 47906"),
(1002,"720 Northwestern Ave, West Lafayette, IN 47906"

);


CREATE TABLE IF NOT EXISTS item_inventory (
    `item_id` varchar(50),
    `inv_order_id` int,
        `qty` int
);
insert into item_inventory values
("14",1001,7),
("9990090836",1002,1),
("72225210090",1003,3),
("2",1004,1),
("302",1005,1),
("1",1006,1),
("3522201001",1007,8),
("68050595004",1008,1),
("68050595010",1009,21),
("68050595020",1010,6),
("22171",1011,6),
("652010920",1012,22),
("61035211202",1013,2),
("67264929601",1014,1),
("67264929605",1015,1),
("67264929610",1016,1),
("67264929611",1017,5),
("85944000704",1018,2),
("85944000708",1019,5),
("86299800003",1020,1),
("86299800005",1021,1),
("86299800007",1022,3),
("3660207992",1023,1),
("6932090993",1024,2),
("7166101202",1025,2),
("7301031409",1026,1),
("8241744001",1027,4),
("38137004754",1028,16),
("67811225418",1029,8),
("651043431",1030,2),
("2429100900",1031,1),
("3373201192",1032,1),
("3600012323",1033,1),
("4145701520",1034,1),
("8531700794",1035,5),
("38137003001",1036,1),
("60933221626",1037,1),
("65570812089",1038,3),
("72295022452",1039,1),
("72295030055",1040,1),
("72295033698",1041,2),
("72295033846",1042,1),
("79285000916",1043,1),
("79285010999",1044,4),
("79285011099",1045,1),
("79285013699",1046,1),
("79285064857",1047,21),
("79285090074",1048,2),
("79285090093",1049,1),
("79285090114",1050,2),
("79285090912",1051,2),
("79285090919",1052,1),
("84885801211",1053,3),
("785631102",1054,1),
("8307811314",1055,1),
("30041100808",1056,1),
("65570801828",1057,1),
("65570801903",1058,1),
("65570801911",1059,1),
("72295032846",1060,1),
("72295032924",1061,1),
("72295032927",1062,1),
("72295034078",1063,1),
("72295034136",1064,1),
("72295035172",1065,1),
("72295035204",1066,1),
("72295035324",1067,1),
("72295035341",1068,1),
("72295035401",1069,1),
("81000619020",1070,1),
("81000619040",1071,1),
("81000619047",1072,1),
("81000619169",1073,1),
("81000619171",1074,1),
("81000619355",1075,1),
("81000619357",1076,1),
("81000619363",1077,1),
("81000619522",1078,1),
("81000619527",1079,1),
("81000619626",1080,1),
("81000619656",1081,1),
("81000619729",1082,1),
("81000619784",1083,1),
("81676702026",1084,1),
("81676702253",1085,1),
("81676702355",1086,1),
("81719601287",1087,1),
("81719601524",1088,1),
("81719601599",1089,1),
("80303010013",1090,1),
("80303010014",1091,1),
("80303010015",1092,1),
("80303010016",1093,1),
("85562600524",1094,1),
("1739600100",1095,1),
("1739600202",1096,1),
("1739600403",1097,1),
("1739600510",1098,1),
("1739600700",1099,1),
("1739601495",1100,1),
("842135211",1101,1),
("842135306",1102,1),
("842136252",1103,1),
("842136448",1104,1),
("842136450",1105,1),
("842136501",1106,1),
("842136670",1107,1),
("842136673",1108,1),
("842136677",1109,1),
("842141261",1110,1),
("842141263",1111,1),
("842142311",1112,1),
("842142406",1113,1),
("842142410",1114,1),
("6581002938",1115,1),
("63871347196",1116,1),
("66547551071",1117,1),
("66547551137",1118,1),
("66547551321",1119,1),
("66547551339",1120,1),
("66547552152",1121,1),
("66547552312",1122,1),
("76763621105",1123,1),
("54040060439",1124,1),
("642510018",1125,1),
("642521212",1126,1),
("1261569747",1127,1),
("1261569785",1128,1),
("1261569809",1129,1),
("1261570354",1130,1),
("1261571505",1131,1),
("1261571914",1132,1),
("1261573152",1133,1),
("1261573958",1134,1),
("1261573989",1135,1),
("1261574347",1136,1),
("2839910203",1137,1),
("2839913929",1138,1),
("6581012758",1139,1),
("6581094693",1140,1),
("7385400914",1141,1),
("8281501200",1142,1),
("8281508800",1143,1),
("8281527320",1144,1),
("8281580189",1145,1),
("9578714901",1146,1),
("60239403702",1147,1),
("61261504397",1148,1),
("61261506534",1149,1),
("63871309452",1150,1),
("63871316772",1151,1),
("63871317410",1152,1),
("63871326029",1153,1),
("63871326232",1154,1),
("63871328521",1155,1),
("63871341997",1156,1),
("63871342146",1157,1),
("63871342221",1158,1),
("63871344834",1159,1),
("66137179960",1160,1),
("66137181770",1161,1),
("66547518095",1162,1),
("66547518245",1163,1),
("66547518264",1164,1),
("66547519254",1165,1),
("66547519302",1166,1),
("66547519312",1167,1),
("67264922891",1168,1),
("67264929507",1169,1),
("67264929665",1170,1),
("67264929742",1171,1),
("68396360634",1172,1),
("68396360684",1173,1),
("68396361164",1174,1),
("72295033704",1175,1),
("75055700352",1176,1),
("81988702323",1177,1),
("86406200010",1178,1),
("97473065879",1179,1),
("81874701078",1180,1),
("81874701103",1181,1),
("81874701419",1182,1),
("82546612064",1183,1),
("88600360891",1184,1),
("88600361773",1185,1),
("88600365743",1186,1),
("88600371532",1187,1),
("88600371638",1188,1),
("88600371989",1189,1),
("88600374299",1190,1),
("88600374675",1191,1),
("88600374734",1192,1),
("88600374735",1193,1),
("88600374773",1194,1),
("88600374774",1195,1),
("88600374775",1196,1),
("88600375319",1197,1),
("88600378957",1198,1),
("88600379002",1199,1),
("88600379037",1200,1),
("88600379165",1201,1),
("88600380194",1202,1),
("88600380377",1203,1),
("88600380387",1204,1),
("88600380388",1205,1),
("88600380398",1206,1),
("88600380400",1207,1),
("88600380407",1208,1),
("88600380414",1209,1),
("88600380440",1210,1),
("88600380605",1211,1),
("88600380615",1212,1),
("88600380695",1213,1),
("88600382321",1214,1),
("80303000101",1215,1),
("80303000102",1216,1),
("210",1217,1),
("120",1218,1),
("130",1219,1),
("1200017319",1220,1),
("5200032481",1221,1),
("5200032866",1222,1),
("7084701247",1223,1),
("7550604202",1224,1),
("7550605040",1225,1),
("7550605060",1226,1),
("8304600013",1227,1),
("8390000577",1228,1),
("71941050001",1229,1),
("71941080001",1230,1),
("80406600043",1231,1),
("229730",1232,1),
("980080005",1233,1),
("1708289041",1234,1),
("2840000997",1235,1),
("2840001043",1236,1),
("2840001254",1237,1),
("2840001255",1238,1),
("2840003979",1239,1),
("2840004348",1240,1),
("2840004790",1241,1),
("2840004793",1242,1),
("2840004802",1243,1),
("2840005945",1244,1),
("2840007054",1245,1),
("2840007056",1246,1),
("2840007188",1247,1),
("2840007189",1248,1),
("2840007325",1249,1),
("2840007326",1250,1),
("2840008278",1251,1),
("2840009156",1252,1),
("2900007535",1253,1),
("2900007538",1254,1),
("3000002912",1255,1),
("3010012515",1256,1),
("3010012518",1257,1),
("3800084551",1258,1),
("3904700146",1259,1),
("4245605113",1260,1),
("4400004700",1261,1),
("7203001384",1262,1),
("7232070006",1263,1),
("7314115004",1264,1),
("7314115304",1265,1),
("7314115315",1266,1),
("40180777972",1267,1),
("59051875001",1268,1),
("72225210120",1269,1),
("89757400040",1270,1),
("404320",1271,1),
("80052760",1272,1),
("1070006080",1273,1),
("1070080722",1274,1),
("1254601109",1275,1),
("1254601144",1276,1),
("1254601147",1277,1),
("1708287745",1278,1),
("14",1279,1),
("9990090836",1280,1),
("72225210090",1281,1),
("2",1282,1),
("302",1283,1),
("1",1284,1),
("3522201001",1285,1),
("68050595004",1286,1),
("68050595010",1287,1),
("68050595020",1288,1),
("22171",1289,1),
("652010920",1290,1),
("61035211202",1291,1),
("67264929601",1292,1),
("67264929605",1293,1),
("67264929610",1294,1),
("67264929611",1295,1),
("85944000704",1296,1),
("85944000708",1297,1),
("86299800003",1298,1),
("86299800005",1299,1),
("86299800007",1300,1),
("3660207992",1301,1),
("6932090993",1302,1),
("7166101202",1303,1),
("7301031409",1304,1),
("8241744001",1305,1),
("38137004754",1306,1),
("67811225418",1307,1),
("651043431",1308,1),
("2429100900",1309,1),
("3373201192",1310,1),
("3600012323",1311,1),
("4145701520",1312,1),
("8531700794",1313,1),
("38137003001",1314,1),
("60933221626",1315,1),
("65570812089",1316,1),
("72295022452",1317,1),
("72295030055",1318,1),
("72295033698",1319,1),
("72295033846",1320,1),
("79285000916",1321,1),
("79285010999",1322,1),
("79285011099",1323,1),
("79285013699",1324,1),
("79285064857",1325,1),
("79285090074",1326,1),
("79285090093",1327,1),
("79285090114",1328,1),
("79285090912",1329,1),
("79285090919",1330,1),
("84885801211",1331,1),
("785631102",1332,1),
("8307811314",1333,1),
("30041100808",1334,1),
("65570801828",1335,1),
("65570801903",1336,1),
("65570801911",1337,1),
("72295032846",1338,1),
("72295032924",1339,1),
("72295032927",1340,1),
("72295034078",1341,1),
("72295034136",1342,1),
("72295035172",1343,1),
("72295035204",1344,1),
("72295035324",1345,1),
("72295035341",1346,1),
("72295035401",1347,1),
("81000619020",1348,1),
("81000619040",1349,1),
("81000619047",1350,1),
("81000619169",1351,1),
("81000619171",1352,1),
("81000619355",1353,1),
("81000619357",1354,1),
("81000619363",1355,1),
("81000619522",1356,1),
("81000619527",1357,1),
("81000619626",1358,1),
("81000619656",1359,1),
("81000619729",1360,1),
("81000619784",1361,1),
("81676702026",1362,1),
("81676702253",1363,1),
("81676702355",1364,1),
("81719601287",1365,1),
("81719601524",1366,1),
("81719601599",1367,1),
("80303010013",1368,1),
("80303010014",1369,1),
("80303010015",1370,1),
("80303010016",1371,1),
("85562600524",1372,1),
("1739600100",1373,1),
("1739600202",1374,1),
("1739600403",1375,1),
("1739600510",1376,1),
("1739600700",1377,1),
("1739601495",1378,1),
("842135211",1379,1),
("842135306",1380,1),
("842136252",1381,1),
("842136448",1382,1),
("842136450",1383,1),
("842136501",1384,1),
("842136670",1385,1),
("842136673",1386,1),
("842136677",1387,1),
("842141261",1388,1),
("842141263",1389,1),
("842142311",1390,1),
("842142406",1391,1),
("842142410",1392,1),
("6581002938",1393,1),
("63871347196",1394,1),
("66547551071",1395,1),
("66547551137",1396,1),
("66547551321",1397,1),
("66547551339",1398,1),
("66547552152",1399,1),
("66547552312",1400,1),
("76763621105",1401,1),
("54040060439",1402,1),
("642510018",1403,1),
("642521212",1404,1),
("1261569747",1405,1),
("1261569785",1406,1),
("1261569809",1407,1),
("1261570354",1408,1),
("1261571505",1409,1),
("1261571914",1410,1),
("1261573152",1411,1),
("1261573958",1412,1),
("1261573989",1413,1),
("1261574347",1414,1),
("2839910203",1415,1),
("2839913929",1416,1),
("6581012758",1417,1),
("6581094693",1418,1),
("7385400914",1419,1),
("8281501200",1420,1),
("8281508800",1421,1),
("8281527320",1422,1),
("8281580189",1423,1),
("9578714901",1424,1),
("60239403702",1425,1),
("61261504397",1426,1),
("61261506534",1427,1),
("63871309452",1428,1),
("63871316772",1429,1),
("63871317410",1430,1),
("63871326029",1431,1),
("63871326232",1432,1),
("63871328521",1433,1),
("63871341997",1434,1),
("63871342146",1435,1),
("63871342221",1436,1),
("63871344834",1437,1),
("66137179960",1438,1),
("66137181770",1439,1),
("66547518095",1440,1),
("66547518245",1441,1),
("66547518264",1442,1),
("66547519254",1443,1),
("66547519302",1444,1),
("66547519312",1445,1),
("67264922891",1446,1),
("67264929507",1447,1),
("67264929665",1448,1),
("67264929742",1449,1),
("68396360634",1450,1),
("68396360684",1451,1),
("68396361164",1452,1),
("72295033704",1453,1),
("75055700352",1454,1),
("81988702323",1455,1),
("86406200010",1456,1),
("97473065879",1457,1),
("81874701078",1458,1),
("81874701103",1459,1),
("81874701419",1460,1),
("82546612064",1461,1),
("88600360891",1462,1),
("88600361773",1463,1),
("88600365743",1464,1),
("88600371532",1465,1),
("88600371638",1466,1),
("88600371989",1467,1),
("88600374299",1468,1),
("88600374675",1469,1),
("88600374734",1470,1),
("88600374735",1471,1),
("88600374773",1472,1),
("88600374774",1473,1),
("88600374775",1474,1),
("88600375319",1475,1),
("88600378957",1476,1),
("88600379002",1477,1),
("88600379037",1478,1),
("88600379165",1479,1),
("88600380194",1480,1),
("88600380377",1481,1),
("88600380387",1482,1),
("88600380388",1483,1),
("88600380398",1484,1),
("88600380400",1485,1),
("88600380407",1486,1),
("88600380414",1487,1),
("88600380440",1488,1),
("88600380605",1489,1),
("88600380615",1490,1),
("88600380695",1491,1),
("88600382321",1492,1),
("80303000101",1493,1),
("80303000102",1494,1),
("210",1495,1),
("120",1496,1),
("130",1497,1),
("1200017319",1498,1),
("5200032481",1499,1),
("5200032866",1500,1),
("7084701247",1501,1),
("7550604202",1502,1),
("7550605040",1503,1),
("7550605060",1504,1),
("8304600013",1505,1),
("8390000577",1506,1),
("71941050001",1507,1),
("71941080001",1508,1),
("80406600043",1509,1),
("229730",1510,1),
("980080005",1511,1),
("1708289041",1512,1),
("2840000997",1513,1),
("2840001043",1514,1),
("2840001254",1515,1),
("2840001255",1516,1),
("2840003979",1517,1),
("2840004348",1518,1),
("2840004790",1519,1),
("2840004793",1520,1),
("2840004802",1521,1),
("2840005945",1522,1),
("2840007054",1523,1),
("2840007056",1524,1),
("2840007188",1525,1),
("2840007189",1526,1),
("2840007325",1527,1),
("2840007326",1528,1),
("2840008278",1529,1),
("2840009156",1530,1),
("2900007535",1531,1),
("2900007538",1532,1),
("3000002912",1533,1),
("3010012515",1534,1),
("3010012518",1535,1),
("3800084551",1536,1),
("3904700146",1537,1),
("4245605113",1538,1),
("4400004700",1539,1),
("7203001384",1540,1),
("7232070006",1541,1),
("7314115004",1542,1),
("7314115304",1543,1),
("7314115315",1544,1),
("40180777972",1545,1),
("59051875001",1546,1),
("72225210120",1547,1),
("89757400040",1548,1),
("404320",1549,1),
("80052760",1550,1),
("1070006080",1551,1),
("1070080722",1552,1),
("1254601109",1553,1),
("1254601144",1554,1),
("1254601147",1555,1),
("1708287745",1556,1),
("14",1557,1),
("9990090836",1558,1),
("72225210090",1559,1),
("2",1560,1),
("302",1561,1),
("1",1562,1),
("3522201001",1563,1),
("68050595004",1564,1),
("68050595010",1565,1),
("68050595020",1566,1),
("22171",1567,1),
("652010920",1568,1),
("61035211202",1569,1),
("67264929601",1570,1),
("67264929605",1571,1),
("67264929610",1572,1),
("67264929611",1573,1),
("85944000704",1574,1),
("85944000708",1575,1),
("86299800003",1576,1),
("86299800005",1577,1),
("86299800007",1578,1),
("3660207992",1579,1),
("6932090993",1580,1),
("7166101202",1581,1),
("7301031409",1582,1),
("8241744001",1583,1),
("38137004754",1584,1),
("67811225418",1585,1),
("651043431",1586,1),
("2429100900",1587,1),
("3373201192",1588,1),
("3600012323",1589,1),
("4145701520",1590,1),
("8531700794",1591,1),
("38137003001",1592,1),
("60933221626",1593,1),
("65570812089",1594,1),
("72295022452",1595,1),
("72295030055",1596,1),
("72295033698",1597,1),
("72295033846",1598,1),
("79285000916",1599,1),
("79285010999",1600,1),
("79285011099",1601,1),
("79285013699",1602,1),
("79285064857",1603,1),
("79285090074",1604,1),
("79285090093",1605,1),
("79285090114",1606,1),
("79285090912",1607,1),
("79285090919",1608,1),
("84885801211",1609,1),
("785631102",1610,1),
("8307811314",1611,1),
("30041100808",1612,1),
("65570801828",1613,1),
("65570801903",1614,1),
("65570801911",1615,1),
("72295032846",1616,1),
("72295032924",1617,1),
("72295032927",1618,1),
("72295034078",1619,1),
("72295034136",1620,1),
("72295035172",1621,1),
("72295035204",1622,1),
("72295035324",1623,1),
("72295035341",1624,1),
("72295035401",1625,1),
("81000619020",1626,1),
("81000619040",1627,1),
("81000619047",1628,1),
("81000619169",1629,1),
("81000619171",1630,1),
("81000619355",1631,1),
("81000619357",1632,1),
("81000619363",1633,1),
("81000619522",1634,1),
("81000619527",1635,1),
("81000619626",1636,1),
("81000619656",1637,1),
("81000619729",1638,1),
("81000619784",1639,1),
("81676702026",1640,1),
("81676702253",1641,1),
("81676702355",1642,1),
("81719601287",1643,1),
("81719601524",1644,1),
("81719601599",1645,1),
("80303010013",1646,1),
("80303010014",1647,1),
("80303010015",1648,1),
("80303010016",1649,1),
("85562600524",1650,1),
("1739600100",1651,1),
("1739600202",1652,1),
("1739600403",1653,1),
("1739600510",1654,1),
("1739600700",1655,1),
("1739601495",1656,1),
("842135211",1657,1),
("842135306",1658,1),
("842136252",1659,1),
("842136448",1660,1),
("842136450",1661,1),
("842136501",1662,1),
("842136670",1663,1),
("842136673",1664,1),
("842136677",1665,1),
("842141261",1666,1),
("842141263",1667,1),
("842142311",1668,1),
("842142406",1669,1),
("842142410",1670,1),
("6581002938",1671,1),
("63871347196",1672,1),
("66547551071",1673,1),
("66547551137",1674,1),
("66547551321",1675,1),
("66547551339",1676,1),
("66547552152",1677,1),
("66547552312",1678,1),
("76763621105",1679,1),
("54040060439",1680,1),
("642510018",1681,1),
("642521212",1682,1),
("1261569747",1683,1),
("1261569785",1684,1),
("1261569809",1685,1),
("1261570354",1686,1),
("1261571505",1687,1),
("1261571914",1688,1),
("1261573152",1689,1),
("1261573958",1690,1),
("1261573989",1691,1),
("1261574347",1692,1),
("2839910203",1693,1),
("2839913929",1694,1),
("6581012758",1695,1),
("6581094693",1696,1),
("7385400914",1697,1),
("8281501200",1698,1),
("8281508800",1699,1),
("8281527320",1700,1),
("8281580189",1701,1),
("9578714901",1702,1),
("60239403702",1703,1),
("61261504397",1704,1),
("61261506534",1705,1),
("63871309452",1706,1),
("63871316772",1707,1),
("63871317410",1708,1),
("63871326029",1709,1),
("63871326232",1710,1),
("63871328521",1711,1),
("63871341997",1712,1),
("63871342146",1713,1),
("63871342221",1714,1),
("63871344834",1715,1),
("66137179960",1716,1),
("66137181770",1717,1),
("66547518095",1718,1),
("66547518245",1719,1),
("66547518264",1720,1),
("66547519254",1721,1),
("66547519302",1722,1),
("66547519312",1723,1),
("67264922891",1724,1),
("67264929507",1725,1),
("67264929665",1726,1),
("67264929742",1727,1),
("68396360634",1728,1),
("68396360684",1729,1),
("68396361164",1730,1),
("72295033704",1731,1),
("75055700352",1732,1),
("81988702323",1733,1),
("86406200010",1734,1),
("97473065879",1735,1),
("81874701078",1736,1),
("81874701103",1737,1),
("81874701419",1738,1),
("82546612064",1739,1),
("88600360891",1740,1),
("88600361773",1741,1),
("88600365743",1742,1),
("88600371532",1743,1),
("88600371638",1744,1),
("88600371989",1745,1),
("88600374299",1746,1),
("88600374675",1747,1),
("88600374734",1748,1),
("88600374735",1749,1),
("88600374773",1750,1),
("88600374774",1751,1),
("88600374775",1752,1),
("88600375319",1753,1),
("88600378957",1754,1),
("88600379002",1755,1),
("88600379037",1756,1),
("88600379165",1757,1),
("88600380194",1758,1),
("88600380377",1759,1),
("88600380387",1760,1),
("88600380388",1761,1),
("88600380398",1762,1),
("88600380400",1763,1),
("88600380407",1764,1),
("88600380414",1765,1),
("88600380440",1766,1),
("88600380605",1767,1),
("88600380615",1768,1),
("88600380695",1769,1),
("88600382321",1770,1),
("80303000101",1771,1),
("80303000102",1772,1),
("210",1773,1),
("120",1774,1),
("130",1775,1),
("1200017319",1776,1),
("5200032481",1777,1),
("5200032866",1778,1),
("7084701247",1779,1),
("7550604202",1780,1),
("7550605040",1781,1),
("7550605060",1782,1),
("8304600013",1783,1),
("8390000577",1784,1),
("71941050001",1785,1),
("71941080001",1786,1),
("80406600043",1787,1),
("229730",1788,1),
("980080005",1789,1),
("1708289041",1790,1),
("2840000997",1791,1),
("2840001043",1792,1),
("2840001254",1793,1),
("2840001255",1794,1),
("2840003979",1795,1),
("2840004348",1796,1),
("2840004790",1797,1),
("2840004793",1798,1),
("2840004802",1799,1),
("2840005945",1800,1),
("2840007054",1801,1),
("2840007056",1802,1),
("2840007188",1803,1),
("2840007189",1804,1),
("2840007325",1805,1),
("2840007326",1806,1),
("2840008278",1807,1),
("2840009156",1808,1),
("2900007535",1809,1),
("2900007538",1810,1),
("3000002912",1811,1),
("3010012515",1812,1),
("3010012518",1813,1),
("3800084551",1814,1),
("3904700146",1815,1),
("4245605113",1816,1),
("4400004700",1817,1),
("7203001384",1818,1),
("7232070006",1819,1),
("7314115004",1820,1),
("7314115304",1821,1),
("7314115315",1822,1),
("40180777972",1823,1),
("59051875001",1824,1),
("72225210120",1825,1),
("89757400040",1826,1),
("404320",1827,1),
("80052760",1828,1),
("1070006080",1829,1),
("1070080722",1830,1),
("1254601109",1831,1),
("1254601144",1832,1),
("1254601147",1833,1),
("1708287745",1834,1),
("14",1835,1),
("9990090836",1836,1),
("72225210090",1837,1),
("2",1838,1),
("302",1839,1),
("1",1840,1),
("3522201001",1841,1),
("68050595004",1842,1),
("68050595010",1843,1),
("68050595020",1844,1),
("22171",1845,1),
("652010920",1846,1),
("61035211202",1847,1),
("67264929601",1848,1),
("67264929605",1849,1),
("67264929610",1850,1),
("67264929611",1851,1),
("85944000704",1852,1),
("85944000708",1853,1),
("86299800003",1854,1),
("86299800005",1855,1),
("86299800007",1856,1),
("3660207992",1857,1),
("6932090993",1858,1),
("7166101202",1859,1),
("7301031409",1860,1),
("8241744001",1861,1),
("38137004754",1862,1),
("67811225418",1863,1),
("651043431",1864,1),
("2429100900",1865,1),
("3373201192",1866,1),
("3600012323",1867,1),
("4145701520",1868,1),
("8531700794",1869,1),
("38137003001",1870,1),
("60933221626",1871,1),
("65570812089",1872,1),
("72295022452",1873,1),
("72295030055",1874,1),
("72295033698",1875,1),
("72295033846",1876,1),
("79285000916",1877,1),
("79285010999",1878,1),
("79285011099",1879,1),
("79285013699",1880,1),
("79285064857",1881,1),
("79285090074",1882,1),
("79285090093",1883,1),
("79285090114",1884,1),
("79285090912",1885,1),
("79285090919",1886,1),
("84885801211",1887,1),
("785631102",1888,1),
("8307811314",1889,1),
("30041100808",1890,1),
("65570801828",1891,1),
("65570801903",1892,1),
("65570801911",1893,1),
("72295032846",1894,1),
("72295032924",1895,1),
("72295032927",1896,1),
("72295034078",1897,1),
("72295034136",1898,1),
("72295035172",1899,1),
("72295035204",1900,1),
("72295035324",1901,1),
("72295035341",1902,1),
("72295035401",1903,1),
("81000619020",1904,1),
("81000619040",1905,1),
("81000619047",1906,1),
("81000619169",1907,1),
("81000619171",1908,1),
("81000619355",1909,1),
("81000619357",1910,1),
("81000619363",1911,1),
("81000619522",1912,1),
("81000619527",1913,1),
("81000619626",1914,1),
("81000619656",1915,1),
("81000619729",1916,1),
("81000619784",1917,1),
("81676702026",1918,1),
("81676702253",1919,1),
("81676702355",1920,1),
("81719601287",1921,1),
("81719601524",1922,1),
("81719601599",1923,1),
("80303010013",1924,1),
("80303010014",1925,1),
("80303010015",1926,1),
("80303010016",1927,1),
("85562600524",1928,1),
("1739600100",1929,1),
("1739600202",1930,1),
("1739600403",1931,1),
("1739600510",1932,1),
("1739600700",1933,1),
("1739601495",1934,1),
("842135211",1935,1),
("842135306",1936,1),
("842136252",1937,1),
("842136448",1938,1),
("842136450",1939,1),
("842136501",1940,1),
("842136670",1941,1),
("842136673",1942,1),
("842136677",1943,1),
("842141261",1944,1),
("842141263",1945,1),
("842142311",1946,1),
("842142406",1947,1),
("842142410",1948,1),
("6581002938",1949,1),
("63871347196",1950,1),
("66547551071",1951,1),
("66547551137",1952,1),
("66547551321",1953,1),
("66547551339",1954,1),
("66547552152",1955,1),
("66547552312",1956,1),
("76763621105",1957,1),
("54040060439",1958,1),
("642510018",1959,1),
("642521212",1960,1),
("1261569747",1961,1),
("1261569785",1962,1),
("1261569809",1963,1),
("1261570354",1964,1),
("1261571505",1965,1),
("1261571914",1966,1),
("1261573152",1967,1),
("1261573958",1968,1),
("1261573989",1969,1),
("1261574347",1970,1),
("2839910203",1971,1),
("2839913929",1972,1),
("6581012758",1973,1),
("6581094693",1974,1),
("7385400914",1975,1),
("8281501200",1976,1),
("8281508800",1977,1),
("8281527320",1978,1),
("8281580189",1979,1),
("9578714901",1980,1),
("60239403702",1981,1),
("61261504397",1982,1),
("61261506534",1983,1),
("63871309452",1984,1),
("63871316772",1985,1),
("63871317410",1986,1),
("63871326029",1987,1),
("63871326232",1988,1),
("63871328521",1989,1),
("63871341997",1990,1),
("63871342146",1991,1),
("63871342221",1992,1),
("63871344834",1993,1),
("66137179960",1994,1),
("66137181770",1995,1),
("66547518095",1996,1),
("66547518245",1997,1),
("66547518264",1998,1),
("66547519254",1999,1),
("66547519302",2000,1),
("66547519312",2001,1),
("67264922891",2002,1),
("67264929507",2003,1),
("67264929665",2004,1),
("67264929742",2005,1),
("68396360634",2006,1),
("68396360684",2007,1),
("68396361164",2008,1),
("72295033704",2009,1),
("75055700352",2010,1),
("81988702323",2011,1),
("86406200010",2012,1),
("97473065879",2013,1),
("81874701078",2014,1),
("81874701103",2015,1),
("81874701419",2016,1),
("82546612064",2017,1),
("88600360891",2018,1),
("88600361773",2019,1),
("88600365743",2020,1),
("88600371532",2021,1),
("88600371638",2022,1),
("88600371989",2023,1),
("88600374299",2024,1),
("88600374675",2025,1),
("88600374734",2026,1),
("88600374735",2027,1),
("88600374773",2028,1),
("88600374774",2029,1),
("88600374775",2030,1),
("88600375319",2031,1),
("88600378957",2032,1),
("88600379002",2033,1),
("88600379037",2034,1),
("88600379165",2035,1),
("88600380194",2036,1),
("88600380377",2037,1),
("88600380387",2038,1),
("88600380388",2039,1),
("88600380398",2040,1),
("88600380400",2041,1),
("88600380407",2042,1),
("88600380414",2043,1),
("88600380440",2044,1),
("88600380605",2045,1),
("88600380615",2046,1),
("88600380695",2047,1),
("88600382321",2048,1),
("80303000101",2049,1),
("80303000102",2050,1),
("210",2051,1),
("120",2052,1),
("130",2053,1),
("1200017319",2054,1),
("5200032481",2055,1),
("5200032866",2056,1),
("7084701247",2057,1),
("7550604202",2058,1),
("7550605040",2059,1),
("7550605060",2060,1),
("8304600013",2061,1),
("8390000577",2062,1),
("71941050001",2063,1),
("71941080001",2064,1),
("80406600043",2065,1),
("229730",2066,1),
("980080005",2067,1),
("1708289041",2068,1),
("2840000997",2069,1),
("2840001043",2070,1),
("2840001254",2071,1),
("2840001255",2072,1),
("2840003979",2073,1),
("2840004348",2074,1),
("2840004790",2075,1),
("2840004793",2076,1),
("2840004802",2077,1),
("2840005945",2078,1),
("2840007054",2079,1),
("2840007056",2080,1),
("2840007188",2081,1),
("2840007189",2082,1),
("2840007325",2083,1),
("2840007326",2084,1),
("2840008278",2085,1),
("2840009156",2086,1),
("2900007535",2087,1),
("2900007538",2088,1),
("3000002912",2089,1),
("3010012515",2090,1),
("3010012518",2091,1),
("3800084551",2092,1),
("3904700146",2093,1),
("4245605113",2094,1),
("4400004700",2095,1),
("7203001384",2096,1),
("7232070006",2097,1),
("7314115004",2098,1),
("7314115304",2099,1),
("7314115315",2100,1),
("40180777972",2101,1),
("59051875001",2102,1),
("72225210120",2103,1),
("89757400040",2104,1),
("404320",2105,1),
("80052760",2106,1),
("1070006080",2107,1),
("1070080722",2108,1),
("1254601109",2109,1),
("1254601144",2110,1),
("1254601147",2111,1),
("1708287745",2112,1),
("14",2113,1),
("9990090836",2114,1),
("72225210090",2115,1),
("2",2116,1),
("302",2117,1),
("1",2118,1),
("3522201001",2119,1),
("68050595004",2120,1),
("68050595010",2121,1),
("68050595020",2122,1),
("22171",2123,1),
("652010920",2124,1),
("61035211202",2125,1),
("67264929601",2126,1),
("67264929605",2127,1),
("67264929610",2128,1),
("67264929611",2129,1),
("85944000704",2130,1),
("85944000708",2131,1),
("86299800003",2132,1),
("86299800005",2133,1),
("86299800007",2134,1),
("3660207992",2135,1),
("6932090993",2136,1),
("7166101202",2137,1),
("7301031409",2138,1),
("8241744001",2139,1),
("38137004754",2140,1),
("67811225418",2141,1),
("651043431",2142,1),
("2429100900",2143,1),
("3373201192",2144,1),
("3600012323",2145,1),
("4145701520",2146,1),
("8531700794",2147,1),
("38137003001",2148,1),
("60933221626",2149,1),
("65570812089",2150,1),
("72295022452",2151,1),
("72295030055",2152,1),
("72295033698",2153,1),
("72295033846",2154,1),
("79285000916",2155,1),
("79285010999",2156,1),
("79285011099",2157,1),
("79285013699",2158,1),
("79285064857",2159,1),
("79285090074",2160,1),
("79285090093",2161,1),
("79285090114",2162,1),
("79285090912",2163,1),
("79285090919",2164,1),
("84885801211",2165,1),
("785631102",2166,1),
("8307811314",2167,1),
("30041100808",2168,1),
("65570801828",2169,1),
("65570801903",2170,1),
("65570801911",2171,1),
("72295032846",2172,1),
("72295032924",2173,1),
("72295032927",2174,1),
("72295034078",2175,1),
("72295034136",2176,1),
("72295035172",2177,1),
("72295035204",2178,1),
("72295035324",2179,1),
("72295035341",2180,1),
("72295035401",2181,1),
("81000619020",2182,1),
("81000619040",2183,1),
("81000619047",2184,1),
("81000619169",2185,1),
("81000619171",2186,1),
("81000619355",2187,1),
("81000619357",2188,1),
("81000619363",2189,1),
("81000619522",2190,1),
("81000619527",2191,1),
("81000619626",2192,1),
("81000619656",2193,1),
("81000619729",2194,1),
("81000619784",2195,1),
("81676702026",2196,1),
("81676702253",2197,1),
("81676702355",2198,1),
("81719601287",2199,1),
("81719601524",2200,1),
("81719601599",2201,1),
("80303010013",2202,1),
("80303010014",2203,1),
("80303010015",2204,1),
("80303010016",2205,1),
("85562600524",2206,1),
("1739600100",2207,1),
("1739600202",2208,1),
("1739600403",2209,1),
("1739600510",2210,1),
("1739600700",2211,1),
("1739601495",2212,1),
("842135211",2213,1),
("842135306",2214,1),
("842136252",2215,1),
("842136448",2216,1),
("842136450",2217,1),
("842136501",2218,1),
("842136670",2219,1),
("842136673",2220,1),
("842136677",2221,1),
("842141261",2222,1),
("842141263",2223,1),
("842142311",2224,1),
("842142406",2225,1),
("842142410",2226,1),
("6581002938",2227,1),
("63871347196",2228,1),
("66547551071",2229,1),
("66547551137",2230,1),
("66547551321",2231,1),
("66547551339",2232,1),
("66547552152",2233,1),
("66547552312",2234,1),
("76763621105",2235,1),
("54040060439",2236,1),
("642510018",2237,1),
("642521212",2238,1),
("1261569747",2239,1),
("1261569785",2240,1),
("1261569809",2241,1),
("1261570354",2242,1),
("1261571505",2243,1),
("1261571914",2244,1),
("1261573152",2245,1),
("1261573958",2246,1),
("1261573989",2247,1),
("1261574347",2248,1),
("2839910203",2249,1),
("2839913929",2250,1),
("6581012758",2251,1),
("6581094693",2252,1),
("7385400914",2253,1),
("8281501200",2254,1),
("8281508800",2255,1),
("8281527320",2256,1),
("8281580189",2257,1),
("9578714901",2258,1),
("60239403702",2259,1),
("61261504397",2260,1),
("61261506534",2261,1),
("63871309452",2262,1),
("63871316772",2263,1),
("63871317410",2264,1),
("63871326029",2265,1),
("63871326232",2266,1),
("63871328521",2267,1),
("63871341997",2268,1),
("63871342146",2269,1),
("63871342221",2270,1),
("63871344834",2271,1),
("66137179960",2272,1),
("66137181770",2273,1),
("66547518095",2274,1),
("66547518245",2275,1),
("66547518264",2276,1),
("66547519254",2277,1),
("66547519302",2278,1),
("66547519312",2279,1),
("67264922891",2280,1),
("67264929507",2281,1),
("67264929665",2282,1),
("67264929742",2283,1),
("68396360634",2284,1),
("68396360684",2285,1),
("68396361164",2286,1),
("72295033704",2287,1),
("75055700352",2288,1),
("81988702323",2289,1),
("86406200010",2290,1),
("97473065879",2291,1),
("81874701078",2292,1),
("81874701103",2293,1),
("81874701419",2294,1),
("82546612064",2295,1),
("88600360891",2296,1),
("88600361773",2297,1),
("88600365743",2298,1),
("88600371532",2299,1),
("88600371638",2300,1),
("88600371989",2301,1),
("88600374299",2302,1),
("88600374675",2303,1),
("88600374734",2304,1),
("88600374735",2305,1),
("88600374773",2306,1),
("88600374774",2307,1),
("88600374775",2308,1),
("88600375319",2309,1),
("88600378957",2310,1),
("88600379002",2311,1),
("88600379037",2312,1),
("88600379165",2313,1),
("88600380194",2314,1),
("88600380377",2315,1),
("88600380387",2316,1),
("88600380388",2317,1),
("88600380398",2318,1),
("88600380400",2319,1),
("88600380407",2320,1),
("88600380414",2321,1),
("88600380440",2322,1),
("88600380605",2323,1),
("88600380615",2324,1),
("88600380695",2325,1),
("88600382321",2326,1),
("80303000101",2327,1),
("80303000102",2328,1),
("210",2329,1),
("120",2330,1),
("130",2331,1),
("1200017319",2332,1),
("5200032481",2333,1),
("5200032866",2334,1),
("7084701247",2335,1),
("7550604202",2336,1),
("7550605040",2337,1),
("7550605060",2338,1),
("8304600013",2339,1),
("8390000577",2340,1),
("71941050001",2341,1),
("71941080001",2342,1),
("80406600043",2343,1),
("229730",2344,1),
("980080005",2345,1),
("1708289041",2346,1),
("2840000997",2347,1),
("2840001043",2348,1),
("2840001254",2349,1),
("2840001255",2350,1),
("2840003979",2351,1),
("2840004348",2352,1),
("2840004790",2353,1),
("2840004793",2354,1),
("2840004802",2355,1),
("2840005945",2356,1),
("2840007054",2357,1),
("2840007056",2358,1),
("2840007188",2359,1),
("2840007189",2360,1),
("2840007325",2361,1),
("2840007326",2362,1),
("2840008278",2363,1),
("2840009156",2364,1),
("2900007535",2365,1),
("2900007538",2366,1),
("3000002912",2367,1),
("3010012515",2368,1),
("3010012518",2369,1),
("3800084551",2370,1),
("3904700146",2371,1),
("4245605113",2372,1),
("4400004700",2373,1),
("7203001384",2374,1),
("7232070006",2375,1),
("7314115004",2376,1),
("7314115304",2377,1),
("7314115315",2378,1),
("40180777972",2379,1),
("59051875001",2380,1),
("72225210120",2381,1),
("89757400040",2382,1),
("404320",2383,1),
("80052760",2384,1),
("1070006080",2385,1),
("1070080722",2386,1),
("1254601109",2387,1),
("1254601144",2388,1),
("1254601147",2389,1),
("1708287745",2390,1),
("14",2391,1),
("9990090836",2392,1),
("72225210090",2393,1),
("2",2394,1),
("302",2395,1),
("1",2396,1),
("3522201001",2397,1),
("68050595004",2398,1),
("68050595010",2399,1),
("68050595020",2400,1),
("22171",2401,1),
("652010920",2402,1),
("61035211202",2403,1),
("67264929601",2404,1),
("67264929605",2405,1),
("67264929610",2406,1),
("67264929611",2407,1),
("85944000704",2408,1),
("85944000708",2409,1),
("86299800003",2410,1),
("86299800005",2411,1),
("86299800007",2412,1),
("3660207992",2413,1),
("6932090993",2414,1),
("7166101202",2415,1),
("7301031409",2416,1),
("8241744001",2417,1),
("38137004754",2418,1),
("67811225418",2419,1),
("651043431",2420,1),
("2429100900",2421,1),
("3373201192",2422,1),
("3600012323",2423,1),
("4145701520",2424,1),
("8531700794",2425,1),
("38137003001",2426,1),
("60933221626",2427,1),
("65570812089",2428,1),
("72295022452",2429,1),
("72295030055",2430,1),
("72295033698",2431,1),
("72295033846",2432,1),
("79285000916",2433,1),
("79285010999",2434,1),
("79285011099",2435,1),
("79285013699",2436,1),
("79285064857",2437,1),
("79285090074",2438,1),
("79285090093",2439,1),
("79285090114",2440,1),
("79285090912",2441,1),
("79285090919",2442,1),
("84885801211",2443,1),
("785631102",2444,1),
("8307811314",2445,1),
("30041100808",2446,1),
("65570801828",2447,1),
("65570801903",2448,1),
("65570801911",2449,1),
("72295032846",2450,1),
("72295032924",2451,1),
("72295032927",2452,1),
("72295034078",2453,1),
("72295034136",2454,1),
("72295035172",2455,1),
("72295035204",2456,1),
("72295035324",2457,1),
("72295035341",2458,1),
("72295035401",2459,1),
("81000619020",2460,1),
("81000619040",2461,1),
("81000619047",2462,1),
("81000619169",2463,1),
("81000619171",2464,1),
("81000619355",2465,1),
("81000619357",2466,1),
("81000619363",2467,1),
("81000619522",2468,1),
("81000619527",2469,1),
("81000619626",2470,1),
("81000619656",2471,1),
("81000619729",2472,1),
("81000619784",2473,1),
("81676702026",2474,1),
("81676702253",2475,1),
("81676702355",2476,1),
("81719601287",2477,1),
("81719601524",2478,1),
("81719601599",2479,1),
("80303010013",2480,1),
("80303010014",2481,1),
("80303010015",2482,1),
("80303010016",2483,1),
("85562600524",2484,1),
("1739600100",2485,1),
("1739600202",2486,1),
("1739600403",2487,1),
("1739600510",2488,1),
("1739600700",2489,1),
("1739601495",2490,1),
("842135211",2491,1),
("842135306",2492,1),
("842136252",2493,1),
("842136448",2494,1),
("842136450",2495,1),
("842136501",2496,1),
("842136670",2497,1),
("842136673",2498,1),
("842136677",2499,1),
("842141261",2500,1),
("842141263",2501,1),
("842142311",2502,1),
("842142406",2503,1),
("842142410",2504,1),
("6581002938",2505,1),
("63871347196",2506,1),
("66547551071",2507,1),
("66547551137",2508,1),
("66547551321",2509,1),
("66547551339",2510,1),
("66547552152",2511,1),
("66547552312",2512,1),
("76763621105",2513,1),
("54040060439",2514,1),
("642510018",2515,1),
("642521212",2516,1),
("1261569747",2517,1),
("1261569785",2518,1),
("1261569809",2519,1),
("1261570354",2520,1),
("1261571505",2521,1),
("1261571914",2522,1),
("1261573152",2523,1),
("1261573958",2524,1),
("1261573989",2525,1),
("1261574347",2526,1),
("2839910203",2527,1),
("2839913929",2528,1),
("6581012758",2529,1),
("6581094693",2530,1),
("7385400914",2531,1),
("8281501200",2532,1),
("8281508800",2533,1),
("8281527320",2534,1),
("8281580189",2535,1),
("9578714901",2536,1),
("60239403702",2537,1),
("61261504397",2538,1),
("61261506534",2539,1),
("63871309452",2540,1),
("63871316772",2541,1),
("63871317410",2542,1),
("63871326029",2543,1),
("63871326232",2544,1),
("63871328521",2545,1),
("63871341997",2546,1),
("63871342146",2547,1),
("63871342221",2548,1),
("63871344834",2549,1),
("66137179960",2550,1),
("66137181770",2551,1),
("66547518095",2552,1),
("66547518245",2553,1),
("66547518264",2554,1),
("66547519254",2555,1),
("66547519302",2556,1),
("66547519312",2557,1),
("67264922891",2558,1),
("67264929507",2559,1),
("67264929665",2560,1),
("67264929742",2561,1),
("68396360634",2562,1),
("68396360684",2563,1),
("68396361164",2564,1),
("72295033704",2565,1),
("75055700352",2566,1),
("81988702323",2567,1),
("86406200010",2568,1),
("97473065879",2569,1),
("81874701078",2570,1),
("81874701103",2571,1),
("81874701419",2572,1),
("82546612064",2573,1),
("88600360891",2574,1),
("88600361773",2575,1),
("88600365743",2576,1),
("88600371532",2577,1),
("88600371638",2578,1),
("88600371989",2579,1),
("88600374299",2580,1),
("88600374675",2581,1),
("88600374734",2582,1),
("88600374735",2583,1),
("88600374773",2584,1),
("88600374774",2585,1),
("88600374775",2586,1),
("88600375319",2587,1),
("88600378957",2588,1),
("88600379002",2589,1),
("88600379037",2590,1),
("88600379165",2591,1),
("88600380194",2592,1),
("88600380377",2593,1),
("88600380387",2594,1),
("88600380388",2595,1),
("88600380398",2596,1),
("88600380400",2597,1),
("88600380407",2598,1),
("88600380414",2599,1),
("88600380440",2600,1),
("88600380605",2601,1),
("88600380615",2602,1),
("88600380695",2603,1),
("88600382321",2604,1),
("80303000101",2605,1),
("80303000102",2606,1),
("210",2607,1),
("120",2608,1),
("130",2609,1),
("1200017319",2610,1),
("5200032481",2611,1),
("5200032866",2612,1),
("7084701247",2613,1),
("7550604202",2614,1),
("7550605040",2615,1),
("7550605060",2616,1),
("8304600013",2617,1),
("8390000577",2618,1),
("71941050001",2619,1),
("71941080001",2620,1),
("80406600043",2621,1),
("229730",2622,1),
("980080005",2623,1),
("1708289041",2624,1),
("2840000997",2625,1),
("2840001043",2626,1),
("2840001254",2627,1),
("2840001255",2628,1),
("2840003979",2629,1),
("2840004348",2630,1),
("2840004790",2631,1),
("2840004793",2632,1),
("2840004802",2633,1),
("2840005945",2634,1),
("2840007054",2635,1),
("2840007056",2636,1),
("2840007188",2637,1),
("2840007189",2638,1),
("2840007325",2639,1),
("2840007326",2640,1),
("2840008278",2641,1),
("2840009156",2642,1),
("2900007535",2643,1),
("2900007538",2644,1),
("3000002912",2645,1),
("3010012515",2646,1),
("3010012518",2647,1),
("3800084551",2648,1),
("3904700146",2649,1),
("4245605113",2650,1),
("4400004700",2651,1),
("7203001384",2652,1),
("7232070006",2653,1),
("7314115004",2654,1),
("7314115304",2655,1),
("7314115315",2656,1),
("40180777972",2657,1),
("59051875001",2658,1),
("72225210120",2659,1),
("89757400040",2660,1),
("404320",2661,1),
("80052760",2662,1),
("1070006080",2663,1),
("1070080722",2664,1),
("1254601109",2665,1),
("1254601144",2666,1),
("1254601147",2667,1),
("1708287745",2668,1),
("14",2669,1),
("9990090836",2670,1),
("72225210090",2671,1),
("2",2672,1),
("302",2673,1),
("1",2674,1),
("3522201001",2675,1),
("68050595004",2676,1),
("68050595010",2677,1),
("68050595020",2678,1),
("22171",2679,1),
("652010920",2680,1),
("61035211202",2681,1),
("67264929601",2682,1),
("67264929605",2683,1),
("67264929610",2684,1),
("67264929611",2685,1),
("85944000704",2686,1),
("85944000708",2687,1),
("86299800003",2688,1),
("86299800005",2689,1),
("86299800007",2690,1),
("3660207992",2691,1),
("6932090993",2692,1),
("7166101202",2693,1),
("7301031409",2694,1),
("8241744001",2695,1),
("38137004754",2696,1),
("67811225418",2697,1),
("651043431",2698,1),
("2429100900",2699,1),
("3373201192",2700,1),
("3600012323",2701,1),
("4145701520",2702,1),
("8531700794",2703,1),
("38137003001",2704,1),
("60933221626",2705,1),
("65570812089",2706,1),
("72295022452",2707,1),
("72295030055",2708,1),
("72295033698",2709,1),
("72295033846",2710,1),
("79285000916",2711,1),
("79285010999",2712,1),
("79285011099",2713,1),
("79285013699",2714,1),
("79285064857",2715,1),
("79285090074",2716,1),
("79285090093",2717,1),
("79285090114",2718,1),
("79285090912",2719,1),
("79285090919",2720,1),
("84885801211",2721,1),
("785631102",2722,1),
("8307811314",2723,1),
("30041100808",2724,1),
("65570801828",2725,1),
("65570801903",2726,1),
("65570801911",2727,1),
("72295032846",2728,1),
("72295032924",2729,1),
("72295032927",2730,1),
("72295034078",2731,1),
("72295034136",2732,1),
("72295035172",2733,1),
("72295035204",2734,1),
("72295035324",2735,1),
("72295035341",2736,1),
("72295035401",2737,1),
("81000619020",2738,1),
("81000619040",2739,1),
("81000619047",2740,1),
("81000619169",2741,1),
("81000619171",2742,1),
("81000619355",2743,1),
("81000619357",2744,1),
("81000619363",2745,1),
("81000619522",2746,1),
("81000619527",2747,1),
("81000619626",2748,1),
("81000619656",2749,1),
("81000619729",2750,1),
("81000619784",2751,1),
("81676702026",2752,1),
("81676702253",2753,1),
("81676702355",2754,1),
("81719601287",2755,1),
("81719601524",2756,1),
("81719601599",2757,1),
("80303010013",2758,1),
("80303010014",2759,1),
("80303010015",2760,1),
("80303010016",2761,1),
("85562600524",2762,1),
("1739600100",2763,1),
("1739600202",2764,1),
("1739600403",2765,1),
("1739600510",2766,1),
("1739600700",2767,1),
("1739601495",2768,1),
("842135211",2769,1),
("842135306",2770,1),
("842136252",2771,1),
("842136448",2772,1),
("842136450",2773,1),
("842136501",2774,1),
("842136670",2775,1),
("842136673",2776,1),
("842136677",2777,1),
("842141261",2778,1),
("842141263",2779,1),
("842142311",2780,1),
("842142406",2781,1),
("842142410",2782,1),
("6581002938",2783,1),
("63871347196",2784,1),
("66547551071",2785,1),
("66547551137",2786,1),
("66547551321",2787,1),
("66547551339",2788,1),
("66547552152",2789,1),
("66547552312",2790,1),
("76763621105",2791,1),
("54040060439",2792,1),
("642510018",2793,1),
("642521212",2794,1),
("1261569747",2795,1),
("1261569785",2796,1),
("1261569809",2797,1),
("1261570354",2798,1),
("1261571505",2799,1),
("1261571914",2800,1),
("1261573152",2801,1),
("1261573958",2802,1),
("1261573989",2803,1),
("1261574347",2804,1),
("2839910203",2805,1),
("2839913929",2806,1),
("6581012758",2807,1),
("6581094693",2808,1),
("7385400914",2809,1),
("8281501200",2810,1),
("8281508800",2811,1),
("8281527320",2812,1),
("8281580189",2813,1),
("9578714901",2814,1),
("60239403702",2815,1),
("61261504397",2816,1),
("61261506534",2817,1),
("63871309452",2818,1),
("63871316772",2819,1),
("63871317410",2820,1),
("63871326029",2821,1),
("63871326232",2822,1),
("63871328521",2823,1),
("63871341997",2824,1),
("63871342146",2825,1),
("63871342221",2826,1),
("63871344834",2827,1),
("66137179960",2828,1),
("66137181770",2829,1),
("66547518095",2830,1),
("66547518245",2831,1),
("66547518264",2832,1),
("66547519254",2833,1),
("66547519302",2834,1),
("66547519312",2835,1),
("67264922891",2836,1),
("67264929507",2837,1),
("67264929665",2838,1),
("67264929742",2839,1),
("68396360634",2840,1),
("68396360684",2841,1),
("68396361164",2842,1),
("72295033704",2843,1),
("75055700352",2844,1),
("81988702323",2845,1),
("86406200010",2846,1),
("97473065879",2847,1),
("81874701078",2848,1),
("81874701103",2849,1),
("81874701419",2850,1),
("82546612064",2851,1),
("88600360891",2852,1),
("88600361773",2853,1),
("88600365743",2854,1),
("88600371532",2855,1),
("88600371638",2856,1),
("88600371989",2857,1),
("88600374299",2858,1),
("88600374675",2859,1),
("88600374734",2860,1),
("88600374735",2861,1),
("88600374773",2862,1),
("88600374774",2863,1),
("88600374775",2864,1),
("88600375319",2865,1),
("88600378957",2866,1),
("88600379002",2867,1),
("88600379037",2868,1),
("88600379165",2869,1),
("88600380194",2870,1),
("88600380377",2871,1),
("88600380387",2872,1),
("88600380388",2873,1),
("88600380398",2874,1),
("88600380400",2875,1),
("88600380407",2876,1),
("88600380414",2877,1),
("88600380440",2878,1),
("88600380605",2879,1),
("88600380615",2880,1),
("88600380695",2881,1),
("88600382321",2882,1),
("80303000101",2883,1),
("80303000102",2884,1),
("210",2885,1),
("120",2886,1),
("130",2887,1),
("1200017319",2888,1),
("5200032481",2889,1),
("5200032866",2890,1),
("7084701247",2891,1),
("7550604202",2892,1),
("7550605040",2893,1),
("7550605060",2894,1),
("8304600013",2895,1),
("8390000577",2896,1),
("71941050001",2897,1),
("71941080001",2898,1),
("80406600043",2899,1),
("229730",2900,1),
("980080005",2901,1),
("1708289041",2902,1),
("2840000997",2903,1),
("2840001043",2904,1),
("2840001254",2905,1),
("2840001255",2906,1),
("2840003979",2907,1),
("2840004348",2908,1),
("2840004790",2909,1),
("2840004793",2910,1),
("2840004802",2911,1),
("2840005945",2912,1),
("2840007054",2913,1),
("2840007056",2914,1),
("2840007188",2915,1),
("2840007189",2916,1),
("2840007325",2917,1),
("2840007326",2918,1),
("2840008278",2919,1),
("2840009156",2920,1),
("2900007535",2921,1),
("2900007538",2922,1),
("3000002912",2923,1),
("3010012515",2924,1),
("3010012518",2925,1),
("3800084551",2926,1),
("3904700146",2927,1),
("4245605113",2928,1),
("4400004700",2929,1),
("7203001384",2930,1),
("7232070006",2931,1),
("7314115004",2932,1),
("7314115304",2933,1),
("7314115315",2934,1),
("40180777972",2935,1),
("59051875001",2936,1),
("72225210120",2937,1),
("89757400040",2938,1),
("404320",2939,1),
("80052760",2940,1),
("1070006080",2941,1),
("1070080722",2942,1),
("1254601109",2943,1),
("1254601144",2944,1),
("1254601147",2945,1),
("1708287745",2946,1),
("14",2947,1),
("9990090836",2948,1),
("72225210090",2949,1),
("2",2950,1),
("302",2951,1),
("1",2952,1),
("3522201001",2953,1),
("68050595004",2954,1),
("68050595010",2955,1),
("68050595020",2956,1),
("22171",2957,1),
("652010920",2958,1),
("61035211202",2959,1),
("67264929601",2960,1),
("67264929605",2961,1),
("67264929610",2962,1),
("67264929611",2963,1),
("85944000704",2964,1),
("85944000708",2965,1),
("86299800003",2966,1),
("86299800005",2967,1),
("86299800007",2968,1),
("3660207992",2969,1),
("6932090993",2970,1),
("7166101202",2971,1),
("7301031409",2972,1),
("8241744001",2973,1),
("38137004754",2974,1),
("67811225418",2975,1),
("651043431",2976,1),
("2429100900",2977,1),
("3373201192",2978,1),
("3600012323",2979,1),
("4145701520",2980,1),
("8531700794",2981,1),
("38137003001",2982,1),
("60933221626",2983,1),
("65570812089",2984,1),
("72295022452",2985,1),
("72295030055",2986,1),
("72295033698",2987,1),
("72295033846",2988,1),
("79285000916",2989,1),
("79285010999",2990,1),
("79285011099",2991,1),
("79285013699",2992,1),
("79285064857",2993,1),
("79285090074",2994,1),
("79285090093",2995,1),
("79285090114",2996,1),
("79285090912",2997,1),
("79285090919",2998,1),
("84885801211",2999,1),
("785631102",3000,1),
("8307811314",3001,1),
("30041100808",3002,1),
("65570801828",3003,1),
("65570801903",3004,1),
("65570801911",3005,1),
("72295032846",3006,1),
("72295032924",3007,1),
("72295032927",3008,1),
("72295034078",3009,1),
("72295034136",3010,1),
("72295035172",3011,1),
("72295035204",3012,1),
("72295035324",3013,1),
("72295035341",3014,1),
("72295035401",3015,1),
("81000619020",3016,1),
("81000619040",3017,1),
("81000619047",3018,1),
("81000619169",3019,1),
("81000619171",3020,1),
("81000619355",3021,1),
("81000619357",3022,1),
("81000619363",3023,1),
("81000619522",3024,1),
("81000619527",3025,1),
("81000619626",3026,1),
("81000619656",3027,1),
("81000619729",3028,1),
("81000619784",3029,1),
("81676702026",3030,1),
("81676702253",3031,1),
("81676702355",3032,1),
("81719601287",3033,1),
("81719601524",3034,1),
("81719601599",3035,1),
("80303010013",3036,1),
("80303010014",3037,1),
("80303010015",3038,1),
("80303010016",3039,1),
("85562600524",3040,1),
("1739600100",3041,1),
("1739600202",3042,1),
("1739600403",3043,1),
("1739600510",3044,1),
("1739600700",3045,1),
("1739601495",3046,1),
("842135211",3047,1),
("842135306",3048,1),
("842136252",3049,1),
("842136448",3050,1),
("842136450",3051,1),
("842136501",3052,1),
("842136670",3053,1),
("842136673",3054,1),
("842136677",3055,1),
("842141261",3056,1),
("842141263",3057,1),
("842142311",3058,1),
("842142406",3059,1),
("842142410",3060,1),
("6581002938",3061,1),
("63871347196",3062,1),
("66547551071",3063,1),
("66547551137",3064,1),
("66547551321",3065,1),
("66547551339",3066,1),
("66547552152",3067,1),
("66547552312",3068,1),
("76763621105",3069,1),
("54040060439",3070,1),
("642510018",3071,1),
("642521212",3072,1),
("1261569747",3073,1),
("1261569785",3074,1),
("1261569809",3075,1),
("1261570354",3076,1),
("1261571505",3077,1),
("1261571914",3078,1),
("1261573152",3079,1),
("1261573958",3080,1),
("1261573989",3081,1),
("1261574347",3082,1),
("2839910203",3083,1),
("2839913929",3084,1),
("6581012758",3085,1),
("6581094693",3086,1),
("7385400914",3087,1),
("8281501200",3088,1),
("8281508800",3089,1),
("8281527320",3090,1),
("8281580189",3091,1),
("9578714901",3092,1),
("60239403702",3093,1),
("61261504397",3094,1),
("61261506534",3095,1),
("63871309452",3096,1),
("63871316772",3097,1),
("63871317410",3098,1),
("63871326029",3099,1),
("63871326232",3100,1),
("63871328521",3101,1),
("63871341997",3102,1),
("63871342146",3103,1),
("63871342221",3104,1),
("63871344834",3105,1),
("66137179960",3106,1),
("66137181770",3107,1),
("66547518095",3108,1),
("66547518245",3109,1),
("66547518264",3110,1),
("66547519254",3111,1),
("66547519302",3112,1),
("66547519312",3113,1),
("67264922891",3114,1),
("67264929507",3115,1),
("67264929665",3116,1),
("67264929742",3117,1),
("68396360634",3118,1),
("68396360684",3119,1),
("68396361164",3120,1),
("72295033704",3121,1),
("75055700352",3122,1),
("81988702323",3123,1),
("86406200010",3124,1),
("97473065879",3125,1),
("81874701078",3126,1),
("81874701103",3127,1),
("81874701419",3128,1),
("82546612064",3129,1),
("88600360891",3130,1),
("88600361773",3131,1),
("88600365743",3132,1),
("88600371532",3133,1),
("88600371638",3134,1),
("88600371989",3135,1),
("88600374299",3136,1),
("88600374675",3137,1),
("88600374734",3138,1),
("88600374735",3139,1),
("88600374773",3140,1),
("88600374774",3141,1),
("88600374775",3142,1),
("88600375319",3143,1),
("88600378957",3144,1),
("88600379002",3145,1),
("88600379037",3146,1),
("88600379165",3147,1),
("88600380194",3148,1),
("88600380377",3149,1),
("88600380387",3150,1),
("88600380388",3151,1),
("88600380398",3152,1),
("88600380400",3153,1),
("88600380407",3154,1),
("88600380414",3155,1),
("88600380440",3156,1),
("88600380605",3157,1),
("88600380615",3158,1),
("88600380695",3159,1),
("88600382321",3160,1),
("80303000101",3161,1),
("80303000102",3162,1),
("210",3163,1),
("120",3164,1),
("130",3165,1),
("1200017319",3166,1),
("5200032481",3167,1),
("5200032866",3168,1),
("7084701247",3169,1),
("7550604202",3170,1),
("7550605040",3171,1),
("7550605060",3172,1),
("8304600013",3173,1),
("8390000577",3174,1),
("71941050001",3175,1),
("71941080001",3176,1),
("80406600043",3177,1),
("229730",3178,1),
("980080005",3179,1),
("1708289041",3180,1),
("2840000997",3181,1),
("2840001043",3182,1),
("2840001254",3183,1),
("2840001255",3184,1),
("2840003979",3185,1),
("2840004348",3186,1),
("2840004790",3187,1),
("2840004793",3188,1),
("2840004802",3189,1),
("2840005945",3190,1),
("2840007054",3191,1),
("2840007056",3192,1),
("2840007188",3193,1),
("2840007189",3194,1),
("2840007325",3195,1),
("2840007326",3196,1),
("2840008278",3197,1),
("2840009156",3198,1),
("2900007535",3199,1),
("2900007538",3200,1),
("3000002912",3201,1),
("3010012515",3202,1),
("3010012518",3203,1),
("3800084551",3204,1),
("3904700146",3205,1),
("4245605113",3206,1),
("4400004700",3207,1),
("7203001384",3208,1),
("7232070006",3209,1),
("7314115004",3210,1),
("7314115304",3211,1),
("7314115315",3212,1),
("40180777972",3213,1),
("59051875001",3214,1),
("72225210120",3215,1),
("89757400040",3216,1),
("404320",3217,1),
("80052760",3218,1),
("1070006080",3219,1),
("1070080722",3220,1),
("1254601109",3221,1),
("1254601144",3222,1),
("1254601147",3223,1),
("1708287745",3224,1),
("14",3225,1),
("9990090836",3226,1),
("72225210090",3227,1),
("2",3228,1),
("302",3229,1),
("1",3230,1),
("3522201001",3231,1),
("68050595004",3232,1),
("68050595010",3233,1),
("68050595020",3234,1),
("22171",3235,1),
("652010920",3236,1),
("61035211202",3237,1),
("67264929601",3238,1),
("67264929605",3239,1),
("67264929610",3240,1),
("67264929611",3241,1),
("85944000704",3242,1),
("85944000708",3243,1),
("86299800003",3244,1),
("86299800005",3245,1),
("86299800007",3246,1),
("3660207992",3247,1),
("6932090993",3248,1),
("7166101202",3249,1),
("7301031409",3250,1),
("8241744001",3251,1),
("38137004754",3252,1),
("67811225418",3253,1),
("651043431",3254,1),
("2429100900",3255,1),
("3373201192",3256,1),
("3600012323",3257,1),
("4145701520",3258,1),
("8531700794",3259,1),
("38137003001",3260,1),
("60933221626",3261,1),
("65570812089",3262,1),
("72295022452",3263,1),
("72295030055",3264,1),
("72295033698",3265,1),
("72295033846",3266,1),
("79285000916",3267,1),
("79285010999",3268,1),
("79285011099",3269,1),
("79285013699",3270,1),
("79285064857",3271,1),
("79285090074",3272,1),
("79285090093",3273,1),
("79285090114",3274,1),
("79285090912",3275,1),
("79285090919",3276,1),
("84885801211",3277,1),
("785631102",3278,1),
("8307811314",3279,1),
("30041100808",3280,1),
("65570801828",3281,1),
("65570801903",3282,1),
("65570801911",3283,1),
("72295032846",3284,1),
("72295032924",3285,1),
("72295032927",3286,1),
("72295034078",3287,1),
("72295034136",3288,1),
("72295035172",3289,1),
("72295035204",3290,1),
("72295035324",3291,1),
("72295035341",3292,1),
("72295035401",3293,1),
("81000619020",3294,1);


CREATE TABLE vendor (`vendor_id` int, `name` text, `category` text, `primary_subsidiary` text, `phone` text, `email` text, `login_access` text, `vendor_bank_fees` text);

INSERT INTO vendor VALUES
(1135,'47 BRAND LLC','General Merchandise','University Book Store','(800) 446-6046',NULL,'No','No'),
(1784,'ABC-CLIO','Publisher','University Book Store','(800) 368-6868','CUSTOMERSERVICE@ABC-CLIO.COM','No','No'),
(1136,'ABOUT FACE DESIGNS INC','General Merchandise','University Book Store','(847) 914-9040',NULL,'No','No'),
(1138,'ACCO BRANDS USA LLC','General Merchandise','University Book Store','(800) 356-7041',NULL,'No','No'),
(1139,'ACCOLADE USA INC','General Merchandise','University Book Store','(302) 257-5688',NULL,'No','No'),
(1781,'ACCOUTREMENTS','General Merchandise','University Book Store',NULL,NULL,'No','No'),
(1140,'ACE FIRE PROTECTION','Utilities','University Book Store',NULL,NULL,'No','No'),
(1141,'ACTEX LEARNING','Publisher','University Book Store','(800) 282-2839','support@actexmadriver.com','No','No'),
(1142,'ADLERS FOREIGN BOOKS INC','Publisher','University Book Store','(847) 866-6399',NULL,'No','No'),
(1143,'ADVERTISING SPECIALTY INST','General Merchandise','University Book Store',NULL,NULL,'No','No'),
(1144,'AFLAC','Utilities','University Book Store','(800) 992-3522',NULL,'No','No'),
(1145,'AHEAD LLC','Utilities','University Book Store','(800) 282-2246',NULL,'No','No'),
(1146,'AIRCRAFT TECHNICAL BOOK CO LLC','Publisher','University Book Store','(970) 726-5111','orders@actechbooks.com','No','No'),
(1147,'ALL CLEAR WINDOW CLEANING','Utilities','University Book Store','(765) 269-6826',NULL,'No','No'),
(1148,'ALL-STAR ELECTRONIC SECURITY','Utilities','University Book Store','(765) 742-2222',NULL,'No','No'),
(1149,'ALMA MATTER MAPS','General Merchandise','University Book Store','(630) 368-7504',NULL,'No','No'),
(1150,'ALPHA TAU OMEGA','Utilities','University Book Store',NULL,NULL,'No','No'),
(1151,'ALPHABRODER','General Merchandise','University Book Store','(800) 523-4585',NULL,'No','No'),
(1751,'ALTERNATIVE APPAREL','General Merchandise','University Book Store',NULL,NULL,'No','No'),
(1152,'ALVIN & CO INC','General Merchandise','University Book Store','(800) 444-2584',NULL,'No','No'),
(1153,'ALWAYS ADVANCING','Utilities','University Book Store','(215) 295-1133',NULL,'No','No'),
(64512,'AMAZON (New Books)','Publisher','University Book Store',NULL,NULL,'No','No'),
(1154,'AMAZON (Used Books)','Wholesaler','University Book Store',NULL,NULL,'No','No'),
(1155,'AMERICAN EXPRESS','Utilities','University Book Store',NULL,NULL,'No','No'),
(1156,'AMERICAN HANGER & FIXTURE CORP','Publisher','University Book Store','(800) 221-2790',NULL,'No','No'),
(1157,'AMERICAN INST OF AERONAUTICS & AST','Publisher','University Book Store','(800) 682-2422','aiaamail@presswarehouse.com','No','No'),
(1158,'AMERICAN MANAGEMENT ASSOC','Publisher','University Book Store','(518) 891-1500','customerservice@amanet.org','No','No'),
(1159,'AMERICAN MATHEMATICAL SOCIETY','Publisher','University Book Store','(800) 321-4267','cust-serv@ams.org','No','No'),
(1786,'AMERICAN NUCLEAR SOCIETY','Publisher','University Book Store','(708) 579-8210','ORDERS@ANS.ORG','No','No'),
(1160,'AMERICAN PHYTOPATHOLOGICAL SOCIETY','Publisher','University Book Store','(651) 454-7250','aps@scisoc.org','No','No'),
(1802,'AMERICAN PSYCHIATRIC ASSOCIATION PUBLISHING','Publisher','University Book Store','(800) 368-5777','APPI@PSYCH.ORG','No','No'),
(1795,'AMERICAN PSYCHOLOGICAL ASSN','Publisher','University Book Store','(800) 374-2721','ORDER@APA.ORG','No','No'),
(1161,'AMERICAN SOC OF AGR & BIO ENGINEERS','Publisher','University Book Store','(269) 429-0300','orderdept@asabe.org','No','No'),
(1162,'AMERICAN SOC OF CIVIL ENGINEERS','Publisher','University Book Store','(800) 548-2723','pubsful@asce.org','No','No'),
(1163,'AMERICAN SOCIETY FOR QUALITY','Publisher','University Book Store','(414) 272-8575','help@asq.org','No','No'),
(1164,'AMERICAN SOCIETY OF AGRONOMY','Publisher','University Book Store','(608) 273-8080',NULL,'No','No'),
(1165,'AMERICAN SOCIETY OF HEALTH','Publisher','University Book Store','(866) 279-0681','custserv@ashp.org','No','No'),
(1166,'AMERICAN TECHNICAL PUBLISHERS','Publisher','University Book Store','(800) 323-3471','order@atplearning.com','No','No'),
(1167,'AMINCO INTERNATIONAL USA INC','General Merchandise','University Book Store','(949) 457-3261',NULL,'No','No'),
(1168,'ANDREWS PLACE LLC','Utilities','University Book Store','(765) 807-0088',NULL,'No','No'),
(1169,'ANGEL DOUGH HOLDINGS LLC','General Merchandise','University Book Store','(908) 902-3163',NULL,'No','No'),
(1170,'ANGELA  R KLINK','Publisher','University Book Store','(765) 742-7648',NULL,'No','No'),
(1780,'ANNA JEWELRY','General Merchandise','University Book Store',NULL,NULL,'No','No'),
(1171,'AP BOOKSTORE','Publisher','University Book Store','(800) 353-6798',NULL,'No','No'),
(1172,'AP ENGINEERING & CONSULTING INC.','Utilities','University Book Store','(317) 436-7529',NULL,'No','No'),
(1173,'ARCADIA PUBLISHING','Publisher','University Book Store','(843) 853-2070','sales@arcadiapublishing.com','No','No'),
(1174,'ARMOND DALTON PUBLISHERS, INC.','Publisher','University Book Store','(517) 351-8520','adpub@armonddalton.com','No','No'),
(1175,'ARTISTIC MEDIA PARTNERS INC','Utilities','University Book Store','(765) 474-1410',NULL,'No','No'),
(1176,'ASCENSUS','Utilities','University Book Store','(215) 648-8000',NULL,'No','No'),
(1796,'ASSN FOR SUPERVISION & CURRICULUM DEVELOPMENT','Publisher','University Book Store','(800) 933-2723',NULL,'No','No'),
(1177,'AT&T MOBILITY','Utilities','University Book Store','(800) 331-0500',NULL,'No','No'),
(29451,'Athena Scientific','Publisher','University Book Store','(617) 489-3097','info@athenasc.com','No','No'),
(1178,'ATLAS BOOKS','Publisher','University Book Store','(419) 281-1802',NULL,'No','No'),
(1179,'ATLAS MATCH LLC','General Merchandise','University Book Store','(817) 354-7474',NULL,'No','No'),
(1857,'AUDIOFL',' No Product Category ','University Book Store',NULL,NULL,'No','No'),
(54063,'Authentic Brands','General Merchandise','University Book Store',NULL,NULL,'No','No'),
(1180,'AUTHENTIC STREET SIGNS INC','General Merchandise','University Book Store','(618) 349-8878',NULL,'No','No'),
(1181,'AUTHENTIC STREET SIGNS, INC','General Merchandise','University Book Store','(618) 349-8878',NULL,'No','No'),
(1182,'AVANTI PRESS','General Merchandise','University Book Store','(800) 228-2684',NULL,'No','No'),
(1183,'AVERY DENNISON','General Merchandise','University Book Store','(855) 455-9598',NULL,'No','No'),
(1184,'AVOTEK','Publisher','University Book Store','(540) 234-9090','michael@avotek.com','No','No'),
(1185,'AVW INC DBA MAXPRO','General Merchandise','University Book Store','(800) 655-1675',NULL,'No','No'),
(1186,'B FRESH LLC','General Merchandise','University Book Store','(720) 519-3388',NULL,'No','No'),
(1752,'BABEROO','General Merchandise','University Book Store',NULL,NULL,'No','No'),
(1187,'BABY FANATIC','General Merchandise','University Book Store','(804) 644-4707',NULL,'No','No'),
(1188,'BADEN SPORTS INC','General Merchandise','University Book Store','(253) 925-0500',NULL,'No','No'),
(1189,'BAKER & TAYLOR PUB SVCS','Publisher','University Book Store','(419) 281-1802','orders@btpubservices.com','No','No'),
(1190,'BALL EGGLESTON PC','Utilities','University Book Store','(765) 742-9046',NULL,'No','No'),
(1191,'BARCHARTS INC','Publisher','University Book Store','(800) 226-7799',NULL,'No','No'),
(1192,'BARNETT INTERNATIONAL','Publisher','University Book Store','(781) 972-5400','customer.service@healthtech.com','No','No'),
(1193,'BARRON EDUCATIONAL SERIES INC','Publisher','University Book Store','(631) 434-3311','orders@bes-publishing.com','No','No'),
(1194,'BC USA','General Merchandise','University Book Store','(800) 592-9000',NULL,'No','No'),
(1195,'BECHTEL CHART OF THE NUCLIDES','Publisher','University Book Store','(865) 220-2880',NULL,'No','No'),
(1196,'BERRETT-KOEHLER PUBLISHERS INC','Publisher','University Book Store','(800) 929-2929',NULL,'No','No'),
(1197,'BIC USA INC','General Merchandise','University Book Store','(203) 783-2000',NULL,'No','No'),
(1198,'BLACKBIRD CLINICAL SERVICES','Utilities','University Book Store','(765) 447-8700',NULL,'No','No'),
(1199,'BLACKBOARD','Utilities','University Book Store',NULL,NULL,'No','No'),
(1200,'BLAKEWAY WORLDWIDE PANORAMAS INC','General Merchandise','University Book Store',NULL,NULL,'No','No'),
(1754,'BLOSSOM','General Merchandise','University Book Store',NULL,NULL,'No','No'),
(1201,'BLUE 84','General Merchandise','University Book Store','(888) 735-6255',NULL,'No','No'),
(1202,'BLUE GEM SUNGLASSES INC','General Merchandise','University Book Store','(800) 543-9802',NULL,'No','No'),
(1203,'BLUEDOOR LLC','Publisher','University Book Store','(800) 979-1624','orders@tophat.com','No','No'),
(1755,'BLUEMOUSE','General Merchandise','University Book Store',NULL,NULL,'No','No'),
(1204,'BOELTER BRANDS LLC','General Merchandise','University Book Store','(877) 233-7287',NULL,'No','No'),
(1205,'BOILER CLEANING & RESTORATION SVCS, LLC','Utilities','University Book Store','(765) 447-7775',NULL,'No','No'),
(1206,'BOILERS INC','Utilities','University Book Store','(765) 412-6518',NULL,'No','No'),
(1207,'BOLCHAZY-CARDUCCI PUB INC','Publisher','University Book Store','(847) 526-4344',NULL,'No','No'),
(1757,'BOODY CLOTHING','General Merchandise','University Book Store',NULL,NULL,'No','No'),
(1208,'BOOKMASTERS','Publisher','University Book Store','(419) 281-1802',NULL,'No','No'),
(1209,'BOOKS INTERNATIONAL, INC','Publisher','University Book Store','(703) 661-1570',NULL,'No','No'),
(1756,'BOOTS CLOTHING','General Merchandise','University Book Store',NULL,NULL,'No','No'),
(1210,'BORDEN & RILEY PAPER CO','General Merchandise','University Book Store','(800) 221-1416',NULL,'No','No'),
(1211,'BOXERCRAFT','General Merchandise','University Book Store','(404) 355-9994',NULL,'No','No'),
(1212,'BRANDED CUSTOM SPORTSWEAR INC','General Merchandise','University Book Store','(913) 663-6800',NULL,'No','No'),
(1213,'BRENNECO INC','Utilities','University Book Store','(765) 448-6190',NULL,'No','No'),
(1214,'BRIAN MCKELVEY','Utilities','University Book Store',NULL,NULL,'No','No'),
(1215,'BRINKS INCORPORATED','Utilities','University Book Store','(877) 527-4657',NULL,'No','No'),
(1216,'BROADVIEW PRESS','Publisher','University Book Store','(705) 743-8990','customerservice@broadviewpress.com','No','No'),
(1783,'BROADWAY PRESS','Publisher','University Book Store','(502) 426-1211','info@broadwaypress.com','No','No'),
(1217,'BROOKES PUBLISHING','Publisher','University Book Store','(800) 638-3775',NULL,'No','No'),
(1806,'BRYNMORGEN PRESS','Publisher','University Book Store','(207) 761-8217','ORDERS@BRYNMORGEN.COM','No','No'),
(1758,'BURTS BEES','General Merchandise','University Book Store',NULL,NULL,'No','No'),
(120,'Buyback Vendor',' No Product Category ','University Book Store',NULL,NULL,'No','No'),
(1759,'C2F','General Merchandise','University Book Store',NULL,NULL,'No','No'),
(1218,'C2F INC','General Merchandise','University Book Store','(503) 643-9050',NULL,'No','No'),
(1760,'CALCIND','General Merchandise','University Book Store',NULL,NULL,'No','No'),
(1219,'CALLA HOLDINGS LLC','General Merchandise','University Book Store','(925) 743-9831',NULL,'No','No'),
(1803,'CAMBRIDGE BUSINESS PUBLISHERS','Publisher','University Book Store','(800) 619-6473','CUSTOMERSERVICE@CAMBRIDGEPUB.COM','No','No'),
(1220,'CAMBRIDGE UNIVERSITY PRESS','Publisher','University Book Store','(800) 431-1580','orders@cambridge.org','No','No'),
(1221,'CAMP DAVID','General Merchandise','University Book Store','(913) 648-0573',NULL,'No','No'),
(1761,'CAPRI','General Merchandise','University Book Store',NULL,NULL,'No','No'),
(1222,'CARDMEMBER SERVICE/MARRIOT REWARDS','Utilities','University Book Store','(800) 945-2028',NULL,'No','No'),
(1223,'CARMA GAMES','General Merchandise','University Book Store','(203) 226-6493',NULL,'No','No'),
(1224,'CAROLINA ACADEMIC PRESS LLC','Publisher','University Book Store','(919) 489-7486','accounting@cap-press.com','No','No'),
(1225,'CARTRIDGE WORLD','Utilities','University Book Store','(765) 448-4500',NULL,'No','No'),
(1801,'CASCADILLA PRESS','Publisher','University Book Store','(617) 776-2370','SALES@CASCADILLA.COM','No','No'),
(1800,'CASEMATE ACADEMIC','Publisher','University Book Store','(610) 853-9131','CASEMATE@CASEMATEPUBLISHERS.COM','No','No'),
(1799,'CAT PUBLISHING','Publisher','University Book Store','(530) 549-4744','PUBLISH@CATPUBLISHING.COM','No','No'),
(1226,'CAT STUDIO','General Merchandise','University Book Store','(707) 778-1100',NULL,'No','No'),
(1782,'catch all vendor','General Merchandise','University Book Store',NULL,NULL,'No','No'),
(1227,'CDI CORPORATION','General Merchandise','University Book Store','(800) 941-6716',NULL,'No','No'),
(1228,'CDK REFRIDGERATION & ELECTRIC','Utilities','University Book Store','(765) 477-6184',NULL,'No','No'),
(1229,'CENGAGE LEARNING','Publisher','University Book Store','(877) 201-3962','higheredcs@cengage.com','No','No'),
(1230,'CERTIFIED FIRE SYSTEM CONSULTANTS','Utilities','University Book Store','(317) 442-0893',NULL,'No','No'),
(1231,'CHAMPION CUSTOM PRODUCTS','General Merchandise','University Book Store','(913) 693-3164',NULL,'No','No'),
(1233,'CHARLES RACINE','Stockholder','University Book Store',NULL,NULL,'No','No'),
(1232,'CHARLES RACINE A','Stockholder','University Book Store',NULL,NULL,'No','No'),
(1234,'CHARLES RIVER APPAREL','General Merchandise','University Book Store','(800) 225-0550',NULL,'No','No'),
(1235,'CHASE','Utilities','University Book Store','(765) 423-0201',NULL,'No','No'),
(1236,'CHASE CARDMEMBER SERVICE','Utilities','University Book Store',NULL,NULL,'No','No'),
(1237,'CHENG & TSUI CO, INC','Publisher','University Book Store','(617) 988-2400','orders@cheng-tsui.com','No','No'),
(1238,'CHICAGO BUSINESS PRESS','Publisher','University Book Store','(773) 657-2112','orders@chicagobusinesspress.com','No','No'),
(1762,'CHICAGO IMPORTING COMPANY','General Merchandise','University Book Store',NULL,NULL,'No','No'),
(1835,'Chicka-D',' No Product Category ','University Book Store',NULL,NULL,'No','No'),
(1239,'CHRISTIAN CAMPUS HOUSE','Utilities','University Book Store',NULL,NULL,'No','No'),
(1240,'CHURCH HILL CLASSICS','General Merchandise','University Book Store','(800) 477-9005',NULL,'No','No'),
(1241,'CIT COMMERCIAL SERVICES INC','General Merchandise','University Book Store',NULL,NULL,'No','No'),
(1242,'CITIBUSINESS CARD','Utilities','University Book Store','(800) 750-7453',NULL,'No','No'),
(1243,'CITY OF LAFAYETTE','Utilities','University Book Store','(765) 807-1100',NULL,'No','No'),
(1244,'CITY OF WEST LAFAYETTE','Utilities','University Book Store','(765) 775-5140',NULL,'No','No'),
(1245,'CLATON & CLATON','Utilities','University Book Store','(765) 479-0091',NULL,'No','No'),
(1246,'CLC','Utilities','University Book Store',NULL,NULL,'No','No'),
(1247,'CMC GOLF INC','General Merchandise','University Book Store','(480) 483-2163',NULL,'No','No'),
(1248,'COCA-COLA BOTTLING CO','Utilities','University Book Store','(765) 423-5668',NULL,'No','No'),
(1249,'COGNELLA','Publisher','University Book Store','(800) 200-3908',NULL,'No','No'),
(1250,'COLLEGE CONCEPTS LLC','General Merchandise','University Book Store','(800) 251-7286',NULL,'No','No'),
(1251,'COLLEGE KIDS','General Merchandise','University Book Store','(920) 886-8920',NULL,'No','No'),
(1252,'COLLEGE TEAM TRAINS','General Merchandise','University Book Store','(770) 490-7492',NULL,'No','No'),
(1253,'COLLEGIATE BEAD CO','General Merchandise','University Book Store','(248) 250-9689',NULL,'No','No'),
(1254,'COLLEGIATE LICENSING CO','General Merchandise','University Book Store','(770) 956-0520',NULL,'No','No'),
(1255,'COLLEGIATE PACIFIC','General Merchandise','University Book Store','(800) 336-5996',NULL,'No','No'),
(1256,'COLLEGIATEPARENT','Utilities','University Book Store',NULL,NULL,'No','No'),
(1763,'COLOR AID','General Merchandise','University Book Store',NULL,NULL,'No','No'),
(1258,'COLORADO TEXTILE INC','General Merchandise','University Book Store','(720) 941-7788',NULL,'No','No'),
(1257,'COLOSSEUM ATHLETICS','General Merchandise','University Book Store','(310) 667-8341',NULL,'No','No'),
(1259,'COLUMBIA SPORTSWEAR CO','General Merchandise','University Book Store','(800) 547-8066',NULL,'No','No'),
(1260,'COMCAST CABLE','Utilities','University Book Store','(800) 391-3000',NULL,'No','No'),
(1261,'COMCAST SPOTLIGHT','Utilities','University Book Store',NULL,NULL,'No','No'),
(1262,'COMMEMORATIVE BRANDS','General Merchandise','University Book Store',NULL,NULL,'No','No'),
(1263,'COMPANION LIFE INSURANCE CO','Utilities','University Book Store','(800) 753-0404',NULL,'No','No'),
(1264,'COMPENSATION','Publisher','University Book Store','(608) 277-1061','hgerhart@charter.net','No','No'),
(1265,'CONIMAR GROUP LLC','General Merchandise','University Book Store','(877) 395-3473',NULL,'No','No'),
(1266,'CONNECT 2 ONE','Utilities','University Book Store','(513) 754-0111',NULL,'No','No'),
(1267,'COPYMAT SERVICES INC','Utilities','University Book Store','(765) 743-5995',NULL,'No','No'),
(1764,'COTTAGE FRAMES','General Merchandise','University Book Store',NULL,NULL,'No','No'),
(1268,'COUNCIL EXCEPTIONAL CHILDREN','Publisher','University Book Store','(888) 232-7733','service@exceptionalchildren.org','No','No'),
(1859,'COYNES',' No Product Category ','University Book Store',NULL,NULL,'No','No'),
(1858,'CRC',' No Product Category ','University Book Store',NULL,NULL,'No','No'),
(1856,'CREABRA',' No Product Category ','University Book Store',NULL,NULL,'No','No'),
(1269,'CREATIVE CONSTRUCTION','Publisher','University Book Store','(765) 743-9704','wgcrawford@tech.purdue.edu','No','No'),
(1270,'CREATIVE INC','Utilities','University Book Store','(765) 447-3500',NULL,'No','No'),
(1846,'CROWN',' No Product Category ','University Book Store',NULL,NULL,'No','No'),
(1271,'CULLIGAN LAFAYETTE','Utilities','University Book Store','447-9355',NULL,'No','No'),
(1791,'CURRENT CONCEPTIONS','Publisher','University Book Store','(541) 526-5803','ANGELA@CURRENTCONCEPTIONS.COM','No','No'),
(1272,'CUTTER & BUCK','General Merchandise','University Book Store','(208) 622-4191',NULL,'No','No'),
(1273,'DAN MCKAY MEDIA','Utilities','University Book Store','(765) 418-8199',NULL,'No','No'),
(1853,'DANIEL',' No Product Category ','University Book Store',NULL,NULL,'No','No'),
(1274,'DARLING MODELS','Publisher','University Book Store','(330) 668-2080','darling@darlingmodels.com','No','No'),
(1275,'DAVID R GODINE PUB INC','Publisher','University Book Store',NULL,NULL,'No','No'),
(1276,'DAWN SIGN PRESS','Publisher','University Book Store','(858) 625-0600','orders@dawnsign.com','No','No'),
(1277,'DELTA APPAREL','General Merchandise','University Book Store',NULL,NULL,'No','No'),
(1278,'DELTA PUBLISHING CO','Publisher','University Book Store','(800) 323-8270','custsvc@deltapublishing.com','No','No'),
(1279,'DEMDACO','General Merchandise','University Book Store','(888) 336-3226',NULL,'No','No'),
(1855,'DENNIS',' No Product Category ','University Book Store',NULL,NULL,'No','No'),
(1280,'DEPARTMENT OF HOMELAND SECURITY','Utilities','University Book Store','(317) 232-6427',NULL,'No','No'),
(1281,'DESIGN IDEAS','General Merchandise','University Book Store','(217) 753-3081',NULL,'No','No'),
(1282,'DHD DISTRIBUTING CO','General Merchandise','University Book Store','(800) 877-1200',NULL,'No','No'),
(1854,'DIGI',' No Product Category ','University Book Store',NULL,NULL,'No','No'),
(1753,'DJR AND ASSOCIATES','General Merchandise','University Book Store',NULL,NULL,'No','No'),
(1284,'DM MERCHANDISING INC','General Merchandise','University Book Store','(800) 548-6784',NULL,'No','No'),
(1860,'DOOLEY',' No Product Category ','University Book Store',NULL,NULL,'No','No'),
(1790,'DORSET HOUSE PUBLISHING','Publisher','University Book Store','(800) 342-6657',NULL,'No','No'),
(1283,'DOUGLAS STEWART CO','General Merchandise','University Book Store','(800) 279-2794',NULL,'No','No'),
(1285,'DOVER PUBLICATIONS','Publisher','University Book Store','(516) 294-7000','doversales@doverpublications.com','No','No'),
(1785,'DRAMATIC PUBLISHING','Publisher','University Book Store','(800) 448-7469','customerservice@dpcplays.com','No','No'),
(1286,'DRAMATISTS PLAY SERVICE INC','Publisher','University Book Store','(212) 683-8960','orders@dramatists.com','No','No'),
(1287,'DUCK HOUSE SPORTS','General Merchandise','University Book Store','(909) 628-0720',NULL,'No','No'),
(1288,'DUKE ENERGY','Utilities','University Book Store','(800) 521-2232',NULL,'No','No'),
(1289,'DUKE UNIVERSITY PRESS','Publisher','University Book Store','(888) 651-0122','orders@dukeupress.edu','No','No'),
(1290,'DYNOMIGHTY DESIGN, INC.','General Merchandise','University Book Store',NULL,NULL,'No','No'),
(1291,'EAGLE WINGS','General Merchandise','University Book Store','(407) 892-6358',NULL,'No','No'),
(1292,'EASYLINK SERVICES USA, INC','Utilities','University Book Store','(800) 892-0504',NULL,'No','No'),
(1293,'EDU PUBLICATIONS INC','Publisher','University Book Store','(765) 427-1693',NULL,'No','No'),
(1295,'EDWARD ELGAR PUBLISHING','Publisher','University Book Store','(800) 390-3149','elgar.orders@presswarehouse.com','No','No'),
(1296,'EE IN A BOX, LLC','Publisher','University Book Store','(765) 421-6421',NULL,'No','No'),
(1792,'EFFECTIVE INVENTORY MANAGEMENT','Publisher','University Book Store','(972) 304-3325',NULL,'No','No'),
(1297,'EFFECTV','Utilities','University Book Store',NULL,NULL,'No','No'),
(1298,'EL DORADO TRADING GROUP','General Merchandise','University Book Store','(800) 227-8292',NULL,'No','No'),
(1299,'ELENCO ELECTRONICS INC','General Merchandise','University Book Store',NULL,NULL,'No','No'),
(1787,'ELIVATE FITNESS','Publisher','University Book Store','(800) 537-5512','fw@fwonline.com','No','No'),
(1300,'ELSEVIER','Publisher','University Book Store','(800) 545-2522','anne.long@elsevier.com','No','No'),
(1301,'EMBROIDERY EXPRESS','General Merchandise','University Book Store','(812) 238-3637',NULL,'No','No'),
(1302,'EMILY JAIN','Utilities','University Book Store',NULL,NULL,'No','No'),
(1772,'EMPIRE','General Merchandise','University Book Store',NULL,NULL,'No','No'),
(1773,'ENCORE','General Merchandise','University Book Store',NULL,NULL,'No','No'),
(1304,'ENESCO LLC','General Merchandise','University Book Store',NULL,NULL,'No','No'),
(1303,'ESTATE OF DIANA SCHMIEDICKE','Utilities','University Book Store','(765) 742-9046',NULL,'No','No'),
(1306,'EVANS MANUFACTURING','General Merchandise','University Book Store','(800) 745-3826',NULL,'No','No'),
(1305,'EVERGREEN ENTERPRISES','General Merchandise','University Book Store','(804) 231-1800',NULL,'No','No'),
(1307,'EXOTERIK MEDIA','Utilities','University Book Store','(317) 669-2848',NULL,'No','No'),
(23093,'FA DAVIS','Publisher','University Book Store','(888) 323-2847','orders@fadavis.com','No','No'),
(1838,'FABRIQUE','General Merchandise','University Book Store',NULL,NULL,'No','No'),
(1848,'FAN BRANDER',' No Product Category ','University Book Store',NULL,NULL,'No','No'),
(1308,'FANATIC GROUP','General Merchandise','University Book Store','(732) 512-1777',NULL,'No','No'),
(1309,'FANPANS, BAKINS VENTURES LLC','General Merchandise','University Book Store','(404) 483-8657',NULL,'No','No'),
(1852,'FANTAPE',' No Product Category ','University Book Store',NULL,NULL,'No','No'),
(1310,'FASHION SEAL HEALTHCARE','General Merchandise','University Book Store','(888) 491-5818',NULL,'No','No'),
(1311,'FAST TRACK PROMOS','General Merchandise','University Book Store','(631) 393-2860',NULL,'No','No'),
(1312,'FBF ORIGINALS','General Merchandise','University Book Store','(765) 349-7474',NULL,'No','No'),
(1313,'FEDEX','Utilities','University Book Store','(800) 622-1147',NULL,'No','No'),
(1774,'FETCO','General Merchandise','University Book Store',NULL,NULL,'No','No'),
(1314,'FIFTH THIRD BANK','Utilities','University Book Store',NULL,NULL,'No','No'),
(1315,'FIFTH THIRD BANK-CC','Utilities','University Book Store','(800) 375-1747',NULL,'No','No'),
(1317,'FIRST MERCHANTS BANK - Lafayette','Utilities','University Book Store','(765) 423-7136',NULL,'No','No'),
(1316,'FIRST MERCHANTS BANK - Muncie','Utilities','University Book Store','(800) 205-3464',NULL,'No','No'),
(1318,'FISHER BREIT LLC','Utilities','University Book Store','(317) 984-0037',NULL,'No','No'),
(1319,'FLEX GREEN LIGHTING','Utilities','University Book Store','(877) 535-5337',NULL,'No','No'),
(1320,'FLEXPAC','Utilities','University Book Store','(317) 872-0097',NULL,'No','No'),
(1321,'FOAMFANATICS LLC','General Merchandise','University Book Store','(206) 624-5222',NULL,'No','No'),
(1322,'FOLLETT HIGHER EDUCATION GROUP','Utilities','University Book Store','(800) 262-3316',NULL,'No','No'),
(1323,'FOR ARTS SAKE INC','General Merchandise','University Book Store','(800) 689-5270',NULL,'No','No'),
(1324,'FOUNTAINHEAD PRESS','Publisher','University Book Store','(800) 586-0330','customerservice@fountainheadpress.com','No','No'),
(1325,'FRAGRANCES OF IRELAND','General Merchandise','University Book Store','(888) 543-6320',NULL,'No','No'),
(1326,'FRAMED MEMORABILIA','General Merchandise','University Book Store','(877) 700-7330',NULL,'No','No'),
(1327,'FRAMING SUCCESS','General Merchandise','University Book Store','(800) 200-2044',NULL,'No','No'),
(1328,'FRANCES HUBBARD','Stockholder','University Book Store','(610) 761-6032',NULL,'No','No'),
(1329,'FRANKLIN BEEDLE & ASSOC INC','Publisher','University Book Store','(800) 322-2665',NULL,'No','No'),
(1775,'FRED AND FRIENDS','General Merchandise','University Book Store',NULL,NULL,'No','No'),
(1330,'FRONTIER','Utilities','University Book Store','(800) 921-8102',NULL,'No','No'),
(1331,'FUN-IN-GAMES INC','General Merchandise','University Book Store',NULL,NULL,'No','No'),
(1332,'FUSE RETAIL','Utilities','University Book Store','(844) 336-2386',NULL,'No','No'),
(1333,'FUTURE PULL GROUP','Publisher','University Book Store','(310) 892-1015','lorisparger@hotmail.com','No','No'),
(1342,'G-III LEATHER FASHIONS','General Merchandise','University Book Store',NULL,NULL,'No','No'),
(1334,'GAME BIBS INC','General Merchandise','University Book Store','(800) 964-9930',NULL,'No','No'),
(1335,'GAME MASTER','General Merchandise','University Book Store','(859) 746-9800',NULL,'No','No'),
(1336,'GAME TIME SIDEKICKS LLC','General Merchandise','University Book Store','(865) 806-4761',NULL,'No','No'),
(1337,'GANZ USA LLC','General Merchandise','University Book Store','(800) 724-5902',NULL,'No','No'),
(1338,'GEAR FOR SPORTS INC','General Merchandise','University Book Store','(800) 255-1065',NULL,'No','No'),
(1340,'GENERAL DYNAMICS INFO TECH','General Merchandise','University Book Store','(800) 922-7343',NULL,'No','No'),
(1339,'GIA PUBLICATIONS','Publisher','University Book Store','(800) 442-1358','custserv@giamusic.com','No','No'),
(79121,'Gibbs Smith','Publisher','University Book Store','(800) 835-4993','orders@gibbs-smith.com','No','No'),
(1776,'GIFT','General Merchandise','University Book Store',NULL,NULL,'No','No'),
(1341,'GIFTCRAFT INC','General Merchandise','University Book Store','(877) 387-4888',NULL,'No','No'),
(1804,'GLEIM PUBLICATIONS','Publisher','University Book Store','(800) 874-5346','international@gleim.com','No','No'),
(1343,'GLOBAL ART & CULTURE INC','General Merchandise','University Book Store','(626) 281-3622',NULL,'No','No'),
(1777,'GOELITZ','General Merchandise','University Book Store',NULL,NULL,'No','No'),
(1344,'GOODHEART-WILCOX PUBLISHER','Publisher','University Book Store','(800) 323-0440','custserv@g-w.com','No','No'),
(1345,'GOODMAN FACTORS','General Merchandise','University Book Store','(402) 884-5001',NULL,'No','No'),
(1346,'GOURMET INTERNATIONAL LTD','General Merchandise','University Book Store','(800) 875-5557',NULL,'No','No'),
(1347,'GRANITE','Utilities','University Book Store','(765) 269-7283',NULL,'No','No'),
(1348,'GRAPHICS PRESS LLC','Publisher','University Book Store','(800) 822-2454','tufte@graphicspress.com','No','No'),
(1350,'GREAT RIVER LEARNING','Publisher','University Book Store','(563) 589-1213','orders@kendallhunt.com','No','No'),
(1349,'GREATER LAFAYETTE COMMERCE','Utilities','University Book Store','(765) 742-4044',NULL,'No','No'),
(1351,'GRIMM INDUSTRIES, INC','General Merchandise','University Book Store','(814) 474-2648',NULL,'No','No'),
(1352,'GUILFORD PUBLICATIONS INC','Publisher','University Book Store','(800) 365-7006','orders@guilford.com','No','No'),
(1778,'GUND PLUSH','General Merchandise','University Book Store',NULL,NULL,'No','No'),
(1353,'HABITAT FOR HUMANITY','Utilities','University Book Store',NULL,NULL,'No','No'),
(1354,'HACHETTE BOOK GROUP','Publisher','University Book Store','(800) 759-0190','order.desk@hbgusa.com','No','No'),
(1355,'HACKETT PUBLISHING CO','Publisher','University Book Store','(317) 635-9250','customer@hackettpublishing.com','No','No'),
(1805,'HAFFNER PRESS','Publisher','University Book Store','(248) 288-4765','info@haffnerpress.com','No','No'),
(1356,'HALLMARK MARKETING CORP','General Merchandise','University Book Store','(816) 274-5871',NULL,'No','No'),
(1357,'HARPER COLLINS PUBLISHERS','Publisher','University Book Store','(800) 242-7737','orders@harpercollins.com','No','No'),
(1358,'HAYDEN-MCNEIL PUB INC','Publisher','University Book Store','(888) 462-6651','orders@haydenmcneil.com','No','No'),
(1359,'HAYWOOD PRINT CO','Utilities','University Book Store','(765) 742-4085',NULL,'No','No'),
(1360,'HAYWOOD PRINTING CO INC','Publisher','University Book Store','(765) 742-4085',NULL,'No','No'),
(1361,'HCS, INC.','Utilities','University Book Store',NULL,NULL,'No','No'),
(1362,'HEINEMANN','Publisher','University Book Store','(800) 225-5800','custserv@heinemann.com','No','No'),
(1363,'HENDERSON COMMUNICATIONS LLC','Publisher','University Book Store','(515) 954-8589','audreye@agrimarketing.com','No','No'),
(1364,'HENDRICKSON PUB','Publisher','University Book Store','(800) 358-3111','orders@hendrickson.com','No','No'),
(1365,'HERFF JONES INC','General Merchandise','University Book Store','(317) 578-9130',NULL,'No','No'),
(1366,'HERITAGE SPORTSWEAR','General Merchandise','University Book Store','(800) 537-2222',NULL,'No','No'),
(1793,'HIGHER EDUCATION SERVICES','Publisher','University Book Store','(800) 422-0010',NULL,'No','No'),
(1367,'HINSHAW ROOFING & SHEET METAL CO','Utilities','University Book Store','(765) 659-3311',NULL,'No','No'),
(1749,'Hit Promotion','General Merchandise','University Book Store',NULL,NULL,'No','No'),
(1368,'HOLCOMB HATHAWAY INC','Publisher','University Book Store','(480) 991-7881','orders@taylorandfrancis.com','No','No'),
(1369,'HOOSIER REFRESHMENT CO','Utilities','University Book Store','(800) 752-2606',NULL,'No','No'),
(1370,'HOPKINS FULLFILLMENT SVCS','Publisher','University Book Store','1 (800) 537-5487','hfscustserv@press.jhu.edu','No','No'),
(1371,'HORTON HAULING','Utilities','University Book Store','(765) 430-9832',NULL,'No','No'),
(1372,'HOUGHTON MIFFLIN HARCOURT','Publisher','University Book Store','(855) 969-4642','booksandmediainquiries@hmhco.com','No','No'),
(1373,'HPI INTERNATIONAL INC','General Merchandise','University Book Store','(718) 768-8800',NULL,'No','No'),
(1374,'HUMAN KINETICS PUBLISHERS','Publisher','University Book Store','(217) 351-5076','orders@hkusa.com','No','No'),
(1375,'HUNGER HIKE','Utilities','University Book Store','(765) 423-2691',NULL,'No','No'),
(1376,'HUTH THOMPSON LLC','Utilities','University Book Store','(765) 428-5000',NULL,'No','No'),
(1850,'HYDROFLASK',' No Product Category ','University Book Store',NULL,NULL,'No','No'),
(95774,'Hype',' No Product Category ','University Book Store',NULL,NULL,'No','No'),
(1377,'ICM DISTRIBUTING CO','Utilities','University Book Store','(800) 848-9692',NULL,'No','No'),
(1378,'IDNA BRANDS','General Merchandise','University Book Store','(888) 713-5343',NULL,'No','No'),
(24472,'Illuminating Engineering','Publisher','University Book Store','(212) 248-5000','asuen@ies.org','No','No'),
(1379,'INDEPENDENT PUBLISHERS GROUP','Publisher','University Book Store','(312) 337-0747','orders@ipgbook.com','No','No'),
(1380,'INDIANA AMERICAN WATER','Utilities','University Book Store','(800) 492-8373',NULL,'No','No'),
(1381,'INDIANA CHAMBER OF COMMERCE','Utilities','University Book Store',NULL,NULL,'No','No'),
(1382,'INDIANA DEPARTMENT OF REVENUE','Utilities','University Book Store','(317) 232-0129',NULL,'No','No'),
(1383,'INDIANA HISTORICAL P','Publisher','University Book Store','(317) 234-3683','bbolinger@indianahistory.org','No','No'),
(1384,'INDIANA RETAIL COUNCIL','Utilities','University Book Store','(317) 632-7391',NULL,'No','No'),
(1385,'INDICO LLC','Publisher','University Book Store','(800) 321-3883',NULL,'No','No'),
(1386,'INDUSTRIAL PRESS','Publisher','University Book Store','(888) 528-7852','orders@triliteral.org','No','No'),
(1387,'INGRAM BOOK COMPANY','Utilities','University Book Store','(615) 213-3337',NULL,'No','No'),
(1388,'INGRAM PUBLISHER SERVICES INC','Publisher','University Book Store','(800) 937-8200','orders@ingrampublisherservices.com','No','No'),
(1389,'INK LITES','General Merchandise','University Book Store','(617) 285-6330',NULL,'No','No'),
(1390,'INKCUPS NOW CORP','General Merchandise','University Book Store','(978) 646-8980',NULL,'No','No'),
(1391,'INNOVATIVE ADHESIVES LLC','General Merchandise','University Book Store','(866) 926-2266',NULL,'No','No'),
(1392,'INNOVATIVE DIGITAL MEDIA LLC','General Merchandise','University Book Store','(765) 491-5417',NULL,'No','No'),
(1393,'INSTANT COPY','Utilities','University Book Store','(765) 742-8656',NULL,'No','No'),
(1394,'INTERLINE CASH SYSTEMS INC','Utilities','University Book Store','(239) 498-4766',NULL,'No','No'),
(1395,'INTERNATIONAL BOOK IMPORT SVC','Publisher','University Book Store','(800) 277-4247','ibis@ibiservice.com','No','No'),
(1396,'INTERNATIONAL PUBLISHERS','Publisher','University Book Store','(212) 366-9816','service@intpubnyc.com','No','No'),
(1397,'INTERVARSITY PRESS','Publisher','University Book Store','(800) 843-9487','order@ivpress.com','No','No'),
(1398,'ISLIDE INC','General Merchandise','University Book Store','(781) 352-0677',NULL,'No','No'),
(1399,'IVAN GUADERRAMA  ART GALLERY LLC','General Merchandise','University Book Store',NULL,NULL,'No','No'),
(1402,'J-AMERICA LLC','General Merchandise','University Book Store','(517) 521-2525',NULL,'No','No'),
(1400,'J.AMERICA LLC','General Merchandise','University Book Store',NULL,NULL,'No','No'),
(1401,'JA MAJORS COMPANY','Publisher','University Book Store','(704) 998-3415',NULL,'No','No'),
(1403,'JANSPORT INC','General Merchandise','University Book Store','(800) 558-3600',NULL,'No','No'),
(1404,'JARDEN SPORTS LICENSING - MO','General Merchandise','University Book Store','(866) 539-1054',NULL,'No','No'),
(1405,'JARDEN SPORTS LICENSING - TX','General Merchandise','University Book Store','(866) 539-1054',NULL,'No','No'),
(1406,'JARDINE ASSOCIATES','General Merchandise','University Book Store','(800) 543-7655',NULL,'No','No'),
(1407,'JAY JAFFE ASSOCIATES LLC','Publisher','University Book Store','(910) 769-0157','jaffeassociates@aol.com','No','No'),
(1409,'JELLY BELLY CANDY CO','General Merchandise','University Book Store','(800) 323-9380',NULL,'No','No'),
(1408,'JENKINS ENTERPRISES','General Merchandise','University Book Store','(501) 945-2600',NULL,'No','No'),
(1410,'JETA MORGAN INC','General Merchandise','University Book Store','(800) 866-2697',NULL,'No','No'),
(1411,'JH SAYLOR CO INC','Utilities','University Book Store','(574) 826-4195',NULL,'No','No'),
(1413,'JILLSON ROBERTS','General Merchandise','University Book Store','(800) 233-0070',NULL,'No','No'),
(1412,'JOHN CLELAND','Publisher','University Book Store',NULL,NULL,'No','No'),
(1415,'JOHN WILEY & SONS','Publisher','University Book Store','(800) 758-9477','sentry@wiley.com','No','No'),
(1414,'JONES & BARTLETT','Publisher','University Book Store','(800) 832-0034','customerservice@jblearning.com','No','No'),
(1417,'JOURNAL & COURIER','Utilities','University Book Store',NULL,NULL,'No','No'),
(1416,'JPT AMERICA INC','Publisher','University Book Store','(650) 583-4040','jlc@jptamerica.com','No','No'),
(1418,'KADYLUXE LLC','General Merchandise','University Book Store','(720) 295-5239',NULL,'No','No'),
(1419,'KAMAIR PUBLICATIONS','Publisher','University Book Store','(765) 743-9812','MelanieAThom@cs.com','No','No'),
(1420,'KAPPA ALPHA THETA','Publisher','University Book Store',NULL,NULL,'No','No'),
(1421,'KENDALL HUNT PUB CO','Publisher','University Book Store','(563) 589-1262','orders@kendallhunt.com','No','No'),
(1423,'KEYSTONE ARCHITECTURE, INC','Utilities','University Book Store',NULL,NULL,'No','No'),
(1422,'KIKKERLAND DESIGN INC','General Merchandise','University Book Store','(212) 678-2250',NULL,'No','No'),
(1424,'KIRBY RISK CORP','Utilities','University Book Store','(765) 446-3054',NULL,'No','No'),
(1425,'KNOCK KNOCK','General Merchandise','University Book Store','(310) 396-4132',NULL,'No','No'),
(1849,'KOLLECTICO',' No Product Category ','University Book Store',NULL,NULL,'No','No'),
(1797,'KRYOLAN CORPORATION','Publisher','University Book Store','(920) 321-4581','K.SCHUSTER@KRYOLAN.COM','No','No'),
(1427,'L2 BRANDS LLC','General Merchandise','University Book Store','(717) 630-0892',NULL,'No','No'),
(1426,'LAD CUSTOM PUBLISHING','Publisher','University Book Store','(877) 318-8800','customerservice@ladcustompub.com','No','No'),
(1429,'LAFAYETTE ELECTRONIC SUPPLY','Utilities','University Book Store','(765) 447-9660',NULL,'No','No'),
(1428,'LAFAYETTE GLASS CO INC','Utilities','University Book Store','(765) 474-1402',NULL,'No','No'),
(1430,'LAFAYETTE HEATING, COOLING & PLUMBING','Utilities','University Book Store','(765) 423-4822',NULL,'No','No'),
(1431,'LAFAYETTE MECHANICAL SERVICES LLC','Utilities','University Book Store',NULL,NULL,'No','No'),
(1432,'LAFAYETTE URBAN MINISTRY','Utilities','University Book Store',NULL,NULL,'No','No'),
(1433,'LAURIE FREY','Utilities','University Book Store',NULL,NULL,'No','No'),
(1434,'LAZEREDGE, LLC','General Merchandise','University Book Store',NULL,NULL,'No','No'),
(1435,'LEAGUE COLLEGIATE OUTFITTERS','General Merchandise','University Book Store','(610) 272-7575',NULL,'No','No'),
(1436,'LEARFIELD LICENSING PARTNERS, LLC','Utilities','University Book Store','(317) 669-0808',NULL,'No','No'),
(1437,'LEGACY ATHLETIC','General Merchandise','University Book Store','(717) 630-0892',NULL,'No','No'),
(1438,'LEUKEMIA & LYMPHOMA SOCIETY','Utilities','University Book Store',NULL,NULL,'No','No'),
(1439,'LIQUID CAPITAL EXCHANGE INC','General Merchandise','University Book Store','(617) 395-8334',NULL,'No','No'),
(1440,'LITTLE EARTH PRODUCTIONS','General Merchandise','University Book Store','(412) 471-0909',NULL,'No','No'),
(1441,'LITTLE KING INC','General Merchandise','University Book Store','(256) 498-3033',NULL,'No','No'),
(1442,'LOGO BRANDS','General Merchandise','University Book Store','(615) 261-2100',NULL,'No','No'),
(1847,'LOGOCHAIR',' No Product Category ','University Book Store',NULL,NULL,'No','No'),
(1443,'LOGOFIT','General Merchandise','University Book Store','(800) 778-8948',NULL,'No','No'),
(1444,'LONG ELECTRIC CO INC','Utilities','University Book Store',NULL,NULL,'No','No'),
(1445,'LONGLEAF SERVICES','Publisher','University Book Store','(800) 848-6224','orders@longleafservices.org','No','No'),
(1446,'LOOMIS','Utilities','University Book Store','(615) 916-4850',NULL,'No','No'),
(1447,'LOUISE MORRIS, TRUSTEE','Stockholder','University Book Store',NULL,NULL,'No','No'),
(1448,'LRT SALES LLC','General Merchandise','University Book Store','(917) 414-2155',NULL,'No','No'),
(1449,'LULA DK','General Merchandise','University Book Store','(212) 223-4234',NULL,'No','No'),
(1450,'LXG INC','General Merchandise','University Book Store','(602) 437-5557',NULL,'No','No'),
(1451,'LYMAN SHEETS INSURANCE AGENCY','Utilities','University Book Store','(800) 648-0856',NULL,'No','No'),
(1798,'LYNNE RIENNER PUBLISHERS','Publisher','University Book Store','(303) 444-6684','questions@rienner.com','No','No'),
(1452,'MACPHERSONS','General Merchandise','University Book Store','(800) 241-7880',NULL,'No','No'),
(1453,'MADISON LOFT LLC','Utilities','University Book Store',NULL,NULL,'No','No'),
(1454,'MAGNA DRY','Utilities','University Book Store','(765) 449-0422',NULL,'No','No'),
(1455,'MAGNETIC POETRY INC','General Merchandise','University Book Store','(612) 638-1040',NULL,'No','No'),
(1456,'MAGNOLIA LANE','General Merchandise','University Book Store','(205) 251-5007',NULL,'No','No'),
(1457,'MAINGATE INC','Utilities','University Book Store','(317) 260-2559',NULL,'No','No'),
(1458,'MALDEN INTL DESIGNS','General Merchandise','University Book Store','(800) 426-3578',NULL,'No','No'),
(1459,'MANCOMM','Publisher','University Book Store','(563) 323-6245','411@mancomm.com','No','No'),
(1461,'MARTECK','Utilities','University Book Store','(800) 569-9849',NULL,'No','No'),
(1460,'MARTHA BIEDE, TRUSTEE','Stockholder','University Book Store',NULL,NULL,'No','No'),
(1462,'MARY LOU DONUTS','Utilities','University Book Store','(765) 474-9131',NULL,'No','No'),
(1463,'MASCOT BOOKS','General Merchandise','University Book Store','(703) 437-3584',NULL,'No','No'),
(1464,'MASCOT FACTORY','General Merchandise','University Book Store','(858) 679-2244',NULL,'No','No'),
(1465,'MASTERPIECES PUZZLE CO INC','General Merchandise','University Book Store','(520) 741-1315',NULL,'No','No'),
(79865,'Mayflower',' No Product Category ','University Book Store',NULL,NULL,'No','No'),
(1466,'MCGRAW-HILL GLOBAL EDUCATION HOLDINGS LLC','Publisher','University Book Store','(800) 338-3987','orders_mhe@mheducation.com','No','No'),
(1467,'MCM GROUP INC','General Merchandise','University Book Store','(734) 205-5014',NULL,'No','No'),
(1779,'MEAD PAPER COMPANY','General Merchandise','University Book Store',NULL,NULL,'No','No'),
(1468,'MELANIE FAWBUSH','Utilities','University Book Store',NULL,NULL,'No','No'),
(1469,'MELISSA EPPLE','Stockholder','University Book Store',NULL,NULL,'No','No'),
(1794,'MELVIN & LEIGH PUBLISHERS','Publisher','University Book Store','(949) 878-1317','ORDERS.MELVINLEIGH@COX.NET','No','No'),
(1471,'MEP, INC','Publisher','University Book Store','(847) 676-1596','anighswonger@mep-inc.net','No','No'),
(1470,'MERCHANDISE INC','General Merchandise','University Book Store','(513) 353-2200',NULL,'No','No'),
(1472,'MERRIAM WEBSTER INC','Publisher','University Book Store','(413) 734-3134','orders@m-w.com','No','No'),
(1473,'METRO FIBERNET LLC','Utilities','University Book Store','(866) 517-3712',NULL,'No','No'),
(1474,'MICHAELSON ENTERTAINMENT','Publisher','University Book Store','(949) 916-0575',NULL,'No','No'),
(1475,'MIDWEST PLAN SERVICE','Publisher','University Book Store','(515) 294-4337','mwps@iastate.edu','No','No'),
(1476,'MIKE BOWEN','General Merchandise','University Book Store','(317) 625-4539',NULL,'No','No'),
(1477,'MINOR LEAGUE & USA LICENSED BOWS','General Merchandise','University Book Store','(618) 548-4400',NULL,'No','No'),
(1478,'MISSOURI BOOK CO','Wholesaler','University Book Store','(800) 325-0577','returns@mbsbooks.com','No','No'),
(1479,'MODERN LANGUAGE ASSOCIATION OF AMERICA','Publisher','University Book Store','(646) 576-5161','bookorders@mla.org','No','No'),
(1480,'MONEY EDUCATION','Publisher','University Book Store','(888) 295-6023','bookstores@money-education.com','No','No'),
(1481,'MORTAR BOARD, BARBARA COOK CHAPTER','Utilities','University Book Store','(765) 494-1232',NULL,'No','No'),
(1483,'MOSLEY, KIM','Publisher','University Book Store','(512) 762-6790','mrkimmosley@gmail.com','No','No'),
(1482,'MPS ACCOUNTS RECEIVABLE','Publisher','University Book Store','(888) 330-8477','orders@mpsvirginia.com','No','No'),
(1484,'MT PUBLISHING CO INC','Publisher','University Book Store','(888) 263-4702',NULL,'No','No'),
(1485,'MULHAUPTS','Utilities','University Book Store','(765) 423-2610',NULL,'No','No'),
(1487,'MV SPORT THE GAME','General Merchandise','University Book Store','(631) 273-8020',NULL,'No','No'),
(1486,'NACS','Utilities','University Book Store','(800) 622-7498',NULL,'No','No'),
(1489,'NACSCORP INC','Publisher','University Book Store','(800) 622-7498','service@nacscorp.com','No','No'),
(1491,'NATL BOBBLEHEAD HALL OF FAME & MUSEUM','General Merchandise','University Book Store','(800) 414-1482',NULL,'No','No'),
(1488,'NATIONAL BOOK NETWORK INC','Publisher','University Book Store','(800) 462-6420','customercare@nbnbooks.com','No','No'),
(1490,'NATIONAL GROUP','Publisher','University Book Store','(765) 447-6868',NULL,'No','No'),
(1294,'NATIONAL RESTAURANT ASSOCIATION','Publisher','University Book Store','(800) 349-0299','academics@ahlei.org','No','No'),
(1492,'NAVTECH GPS','Publisher','University Book Store','(703) 256-8900','pjessen@navtechgps.com','No','No'),
(1493,'NCSS','Publisher','University Book Store','(800) 683-0812','ncss@pbd.com','No','No'),
(1494,'NCTE','Publisher','University Book Store','(800) 369-6283','orders@ncte.org','No','No'),
(1837,'Nebraska Book Company','Wholesaler','University Book Store','(800) 733-4493','orderbooks@nebook.com','No','No'),
(1495,'NEENAH PAPER INC','General Merchandise','University Book Store',NULL,NULL,'No','No'),
(64930,'Neil',' No Product Category ','University Book Store',NULL,NULL,'No','No'),
(1496,'NEU RETAIL LLC','General Merchandise','University Book Store','(855) 687-7423',NULL,'No','No'),
(1497,'NEW AGENDA COLLEGIATE APPAREL','General Merchandise','University Book Store','(800) 442-7779',NULL,'No','No'),
(1771,'NEW ERA','General Merchandise','University Book Store',NULL,NULL,'No','No'),
(1498,'NFPA','Publisher','University Book Store','(800) 344-3555','orders@nfpa.org','No','No'),
(1500,'NIKE USA INC','Utilities','University Book Store',NULL,NULL,'No','No'),
(1501,'NINO FROSTINO','Utilities','University Book Store',NULL,NULL,'No','No'),
(1502,'NORTHERN CONFECTIONS INC','General Merchandise','University Book Store','(231) 436-5356',NULL,'No','No'),
(1503,'NOT ON FILE VENDOR','Utilities','University Book Store',NULL,NULL,'No','No'),
(1504,'NRA SOLUTIONS','Publisher','University Book Store','(800) 344-4381','askus@restaurant.org','No','No'),
(1505,'OLD DOMINION FREIGHT LINE','Utilities','University Book Store',NULL,NULL,'No','No'),
(1507,'ONE STOP','General Merchandise','University Book Store','(800) 968-7550',NULL,'No','No'),
(1506,'ONLINE MARKETING STANDARD, LLC','Utilities','University Book Store',NULL,NULL,'No','No'),
(1508,'OPSEC','General Merchandise','University Book Store','(717) 293-4110',NULL,'No','No'),
(1509,'OURAY SPORTSWEAR','General Merchandise','University Book Store','(800) 666-6724',NULL,'No','No'),
(1510,'OUTDOOR CUSTOM SPORTSWEAR, LLC','General Merchandise','University Book Store','(913) 253-2012',NULL,'No','No'),
(1511,'OXFORD UNIVERSITY PRESS','Publisher','University Book Store','1 (800) 445-9714','orders.cary@oup.com','No','No'),
(1512,'OYO SPORTSTOYS INC','General Merchandise','University Book Store','(877) 720-3291',NULL,'No','No'),
(1513,'PAMELA EPPLE','Stockholder','University Book Store',NULL,NULL,'No','No'),
(66142,'Panda Publications','Publisher','University Book Store','(570) 332-3766','pandapublications@verizon.net','No','No'),
(1514,'PAPER HOUSE PRODUCTS INC','General Merchandise','University Book Store','(845) 246-7261',NULL,'No','No'),
(1845,'PARCHOC',' No Product Category ','University Book Store',NULL,NULL,'No','No'),
(1515,'PARLOR PRESS','Publisher','University Book Store','(765) 409-2649','sales@parlorpress.com','No','No'),
(1516,'PARTNER SHIP','Utilities','University Book Store','(800) 599-2902',NULL,'No','No'),
(1517,'PAULIST PRESS','Publisher','University Book Store','(201) 825-7300','bbyrns@paulistpress.com','No','No'),
(1836,'Pearson Education','Publisher','University Book Store','(800) 922-0579',NULL,'No','No'),
(1519,'PENGUIN RANDOM HOUSE LLC','Publisher','University Book Store','(800) 726-0600',NULL,'No','No'),
(1518,'PENN STATE UNIVERSITY PRESS','Publisher','University Book Store','(814) 865-1327','orders@psupress.org','No','No'),
(1520,'PENNANT SPORTSWEAR','General Merchandise','University Book Store','(603) 889-5115',NULL,'No','No'),
(1521,'PENNINGTON BEAR CO','General Merchandise','University Book Store','(213) 700-7223',NULL,'No','No'),
(1522,'PEOPLES BREWING CO','Utilities','University Book Store',NULL,NULL,'No','No'),
(75448,'Peripole-Bergerault INC','Publisher','University Book Store','8000-443-3592','contact@peripole.com','No','No'),
(1842,'PET FIRST',' No Product Category ','University Book Store',NULL,NULL,'No','No'),
(1788,'PETER LANG','Publisher','University Book Store','(703) 661-1584','PETERLANG@PRESSWAREHOUSE.COM','No','No'),
(1748,'Petes Custom Printing','General Merchandise','University Book Store','(765) 743-9618',NULL,'No','No'),
(1844,'PETGOOD',' No Product Category ','University Book Store',NULL,NULL,'No','No'),
(1765,'PGRAHAM','General Merchandise','University Book Store',NULL,NULL,'No','No'),
(1523,'PHI KAPPA TAU','Utilities','University Book Store',NULL,NULL,'No','No'),
(1524,'PHOENIX TREE','Publisher','University Book Store','(773) 250-0707','chaoshi@phoenixtree.com','No','No'),
(1525,'PHP','Utilities','University Book Store','(800) 982-6257',NULL,'No','No'),
(1843,'PINE DECAL',' No Product Category ','University Book Store',NULL,NULL,'No','No'),
(1526,'PITNEY BOWES GLOBAL FIN SVCS LLC','Utilities','University Book Store','(800) 732-7222',NULL,'No','No'),
(229,'PLACEHOLDER DIGITAL',' No Product Category ','University Book Store',NULL,NULL,'No','No'),
(1527,'PLURAL PUBLISHING INC','Publisher','University Book Store','(866) 758-7251','chrissie@pluralpublishing.com','No','No'),
(1529,'PLUSHLAND','General Merchandise','University Book Store',NULL,NULL,'No','No'),
(1528,'POLY-PAK INDUSTRIES INC','Utilities','University Book Store','(800) 969-1995',NULL,'No','No'),
(79869,'Pomchie',' No Product Category ','University Book Store',NULL,NULL,'No','No'),
(1531,'POWERED COMPRESSORS & SUPPLIES INC','General Merchandise','University Book Store','(812) 460-1880',NULL,'No','No'),
(64918,'PRESS','General Merchandise','University Book Store',NULL,NULL,'No','No'),
(1530,'PRESTWICK HOUSE','Publisher','University Book Store','(800) 932-4593','info@prestwickhouse.com','No','No'),
(1532,'PRIME TIME BABIES LLC','General Merchandise','University Book Store','(316) 204-9776',NULL,'No','No'),
(1533,'PRINTS CHARMING LLC','General Merchandise','University Book Store','(712) 337-8119',NULL,'No','No'),
(1534,'PRO-ED','Publisher','University Book Store','(800) 897-3202','orders@proedinc.com','No','No'),
(1535,'PROFILES OF DISTINCTION INC','General Merchandise','University Book Store','(317) 903-8119',NULL,'No','No'),
(1536,'PROMOTE STATION LLC','General Merchandise','University Book Store','(401) 481-6757',NULL,'No','No'),
(1537,'PROMOVISION','General Merchandise','University Book Store','(800) 987-7666',NULL,'No','No'),
(1538,'PRUFROCK PRESS INC','Publisher','University Book Store','(800) 998-2208','sgross@prufrock.com','No','No'),
(1539,'PUBS OF','General Merchandise','University Book Store',NULL,NULL,'No','No'),
(1540,'PUBS OF CHICAGO LLC','General Merchandise','University Book Store','(844) 478-2763',NULL,'No','No'),
(1541,'PURCHASE POWER','Utilities','University Book Store','(800) 243-7800',NULL,'No','No'),
(1542,'PURDUE ALUMNI ASSOCIATION','Utilities','University Book Store',NULL,NULL,'No','No'),
(1543,'PURDUE ATHLETICS','Utilities','University Book Store',NULL,NULL,'No','No'),
(1544,'PURDUE CAMPUS CHRISTIAN HOUSE','Utilities','University Book Store',NULL,NULL,'No','No'),
(1545,'PURDUE EXPONENT','Utilities','University Book Store','(765) 743-1111',NULL,'No','No'),
(1547,'PURDUE MORTAR BOARD','Utilities','University Book Store',NULL,NULL,'No','No'),
(1546,'PURDUE RESEARCH FOUNDATION','Utilities','University Book Store',NULL,NULL,'No','No'),
(1548,'PURDUE SPORTS PROPERTIES LLC','Utilities','University Book Store','(765) 494-9469',NULL,'No','No'),
(1549,'PURDUE UNIVERSITY','Utilities','University Book Store','(765) 494-2375',NULL,'No','No'),
(1550,'PURDUE UNIVERSITY AR','Utilities','University Book Store','(765) 494-9459',NULL,'No','No'),
(1551,'QUALITY ELECTRICAL SERVICES','Utilities','University Book Store','(765) 563-4566',NULL,'No','No'),
(1553,'QUILL CORPORATION','General Merchandise','University Book Store','(800) 789-8965',NULL,'No','No'),
(1552,'QUOTABLE CARDS','General Merchandise','University Book Store','(212) 420-7552',NULL,'No','No'),
(1554,'R&D SPECIALTY CO','General Merchandise','University Book Store','(714) 985-0270',NULL,'No','No'),
(1555,'RAPPS PACKAGING','Utilities','University Book Store','(800) 722-9727',NULL,'No','No'),
(1556,'RATHSKELLER PRESS LLC','Publisher','University Book Store','(770) 392-0639','maxelrod@trinovapartners.com','No','No'),
(1557,'RED ANGLE INC','Publisher','University Book Store','(630) 234-7321','bradley@redanglespanish.com','No','No'),
(1558,'RED CARPET STUDIOS LTD','General Merchandise','University Book Store','(877) 985-0405',NULL,'No','No'),
(1559,'RED WHEEL WEISER','Publisher','University Book Store','(800) 423-7087','orders@rwwbooks.com','No','No'),
(1561,'REDIFORM INC','General Merchandise','University Book Store','(800) 456-7334',NULL,'No','No'),
(1560,'REDSHELF','Utilities','University Book Store',NULL,NULL,'No','No'),
(1563,'RELIABLE EXTERMINATORS','Utilities','University Book Store','(765) 423-1225',NULL,'No','No'),
(1562,'RESERVE ACCOUNT','Utilities','University Book Store',NULL,NULL,'No','No'),
(61438,'RETRO','General Merchandise','University Book Store',NULL,NULL,'No','No'),
(1564,'RFSJ INC','General Merchandise','University Book Store','(724) 547-4457',NULL,'No','No'),
(1565,'RGIS','Utilities','University Book Store',NULL,NULL,'No','No'),
(1566,'RICO INDUSTRIES INC','General Merchandise','University Book Store','(312) 427-0313',NULL,'No','No'),
(1567,'RICOH USA INC','Utilities','University Book Store','(888) 456-6457',NULL,'No','No'),
(1569,'RITTENHOUSE BOOK DIST','Publisher','University Book Store','(888) 345-0682',NULL,'No','No'),
(1568,'RIVALRY TROPHY LLC','General Merchandise','University Book Store',NULL,NULL,'No','No'),
(1570,'ROARING SPRING PAPER PRODUCTS','General Merchandise','University Book Store','(814) 224-5141',NULL,'No','No'),
(1571,'ROEDA STUDIO','General Merchandise','University Book Store','(616) 222-0057',NULL,'No','No'),
(1572,'ROME LABELS','Utilities','University Book Store','(800) 237-8525',NULL,'No','No'),
(1573,'ROSENTHAL & ROSENTHAL INC','General Merchandise','University Book Store','(212) 356-1466',NULL,'No','No'),
(1574,'ROSS SPORTSWEAR','General Merchandise','University Book Store','(763) 545-9544',NULL,'No','No'),
(1575,'ROWMAN & LITTLEFIELD','Publisher','University Book Store','(800) 462-6420','orders@rowman.com','No','No'),
(1576,'RUSSELL ATHLETIC','General Merchandise','University Book Store','(270) 781-6400',NULL,'No','No'),
(1577,'S&S ACTIVEWEAR','General Merchandise','University Book Store','(800) 523-2155',NULL,'No','No'),
(1578,'SAGE','Publisher','University Book Store','(800) 818-7243','SYLVAN.MEJIA@sagepub.com','No','No'),
(1579,'SALLIE COLLINS','Stockholder','University Book Store','(843) 341-7733',NULL,'No','No'),
(1580,'SAMS CLUB','Utilities','University Book Store',NULL,NULL,'No','No'),
(1581,'SAMSILL','General Merchandise','University Book Store','(817) 536-1906',NULL,'No','No'),
(1582,'SAMUEL FRENCH INC','Publisher','University Book Store','(866) 598-8449','info@samuelfrench.com','No','No'),
(1583,'SANMAR CORP','General Merchandise','University Book Store','(800) 426-6399',NULL,'No','No'),
(1584,'SAS INSTITUTE INC','Publisher','University Book Store','(919) 677-8000','sasbook@sas.com','No','No'),
(1585,'SCHMIEDICKE, DIANA','Utilities','University Book Store','(765) 463-2251',NULL,'No','No'),
(1587,'SCHOLASTIC','Publisher','University Book Store','(888) 724-1872','tradecustomerservice@scholastic.com','No','No'),
(1586,'SCHUG AWARDS & GIFTS','Utilities','University Book Store','(765) 474-0002',NULL,'No','No'),
(1588,'SCIENTIFIC BINDERY PRODUCTIONS INC','Publisher','University Book Store','(847) 329-0510','skybind@sbcglobal.net','No','No'),
(1589,'SDC PUBLICATIONS','Publisher','University Book Store','(913) 262-2664','orders@sdcpublications.com','No','No'),
(1590,'SERVICE WHOLESALE INC','General Merchandise','University Book Store','(513) 933-9042',NULL,'No','No'),
(1591,'SEWING CONCEPTS INC','General Merchandise','University Book Store','(402) 731-8181',NULL,'No','No'),
(1592,'SHINESTY, INC','General Merchandise','University Book Store',NULL,NULL,'No','No'),
(1593,'SHRED-IT USA','Utilities','University Book Store',NULL,NULL,'No','No'),
(1594,'SIAM','Publisher','University Book Store','(215) 382-9800','siambooks@siam.org','No','No'),
(1595,'SIDELINE SNEAKERS LLC','General Merchandise','University Book Store','(561) 366-2662',NULL,'No','No'),
(1596,'SIMON & SCHUSTER','Publisher','University Book Store','(800) 223-2336','purchaseorders@simonandschuster.com','No','No'),
(1597,'SIMPLIFIED ACCOUNTING','Utilities','University Book Store','(517) 882-2441',NULL,'No','No'),
(1598,'SINAUER ASSOCIATES INC','Publisher','University Book Store','(413) 549-4300','orders.cary@oup.com','No','No'),
(1599,'SKICKS','General Merchandise','University Book Store','(561) 366-2662',NULL,'No','No'),
(1601,'SLACK INC','Publisher','University Book Store','(856) 848-1000','editor@slackinc.com','No','No'),
(1600,'SLAVICA PUBLISHERS','Publisher','University Book Store','(877) 752-8422','slavica@indiana.edu','No','No'),
(26362,'SLOAN EDUCATIONAL PUBL','Publisher','University Book Store','(845) 534-4994',NULL,'No','No'),
(1603,'SLS ARTS','General Merchandise','University Book Store','(504) 733-1104',NULL,'No','No'),
(1602,'SMALL PRESS DISTRIBUTION','Publisher','University Book Store','(510) 524-1668','orders@spdbooks.org','No','No'),
(1604,'SMART WATT INC','Utilities','University Book Store','(855) 322-0998',NULL,'No','No'),
(1605,'SMEAD MANUFACTURING CO','General Merchandise','University Book Store','(888) 737-6323',NULL,'No','No'),
(1606,'SMITH & KRAUS PUBLISHERS','Publisher','University Book Store','(877) 668-8680','editor@smithandkraus.com','No','No'),
(1607,'SOCIETY 43 LLC','General Merchandise','University Book Store',NULL,NULL,'No','No'),
(1766,'SOCK IT TO ME','General Merchandise','University Book Store',NULL,NULL,'No','No'),
(1608,'SOUND ADVICE','Utilities','University Book Store','(765) 447-0186',NULL,'No','No'),
(1609,'SOURCEBOOKS INC','Publisher','University Book Store','(630) 961-3900','salesorders@sourcebooks.com','No','No'),
(1610,'SOUTHERN ENGRAVING INC','General Merchandise','University Book Store','(205) 326-3482',NULL,'No','No'),
(1611,'SP RICHARDS CO','Utilities','University Book Store',NULL,NULL,'No','No'),
(1612,'SPEED PRO IMAGING','Utilities','University Book Store','(765) 446-8600',NULL,'No','No'),
(1613,'SPIN MASTER INC','General Merchandise','University Book Store','(416) 364-6002',NULL,'No','No'),
(1614,'SPIRIT PRODUCTS LTD','General Merchandise','University Book Store','(888) 280-5200',NULL,'No','No'),
(1615,'SPORTS LICENSING SOLUTIONS','General Merchandise','University Book Store','(800) 525-5923',NULL,'No','No'),
(1616,'SPRINGER LLC','Publisher','University Book Store','(800) 777-4643','customerservice@springer.com','No','No'),
(1617,'SPRINGER PUBLISHING CO','Publisher','University Book Store','(212) 431-4370','cs@springerpub.com','No','No'),
(1618,'ST LOUIS WHOLESALE LLC','General Merchandise','University Book Store','(800) 340-7642',NULL,'No','No'),
(78857,'StadiumSpot','General Merchandise','University Book Store',NULL,NULL,'No','No'),
(1620,'STANDARD CHAIR OF GARDNER','General Merchandise','University Book Store','(978) 632-1301',NULL,'No','No'),
(1619,'STAPLES','Utilities','University Book Store','(800) 776-5544',NULL,'No','No'),
(1621,'STAR CITY BROADCASTING','Utilities','University Book Store','(765) 474-1410',NULL,'No','No'),
(24190,'STATA PRESS','Publisher','University Book Store','1 (800) 782-8272','service@stata-press.com','No','No'),
(1622,'STEEL TECHNOLOGY LLC','General Merchandise','University Book Store','(888) 584-9376',NULL,'No','No'),
(1623,'STERLING CONTRACT PACKAGING','General Merchandise','University Book Store','(864) 587-5511',NULL,'No','No'),
(1624,'STIPES PUBLISHING LLC','Publisher','University Book Store','(217) 356-8391','stipespublishing@comcast.net','No','No'),
(1625,'STOCKDALE','General Merchandise','University Book Store','(407) 323-5121',NULL,'No','No'),
(1626,'STONE ARMORY','General Merchandise','University Book Store','(440) 399-7301',NULL,'No','No'),
(1627,'STONEWORX LLC','General Merchandise','University Book Store','(785) 587-0010',NULL,'No','No'),
(1628,'STORM DUDS','General Merchandise','University Book Store','(800) 325-4332',NULL,'No','No'),
(1629,'STRAND ART CO INC','General Merchandise','University Book Store','(714) 777-0444',NULL,'No','No'),
(75449,'STRATA Publishing INC','Publisher','University Book Store','(888) 319-5866','sales@stratapub.com','No','No'),
(1630,'STRIDELINE LLC','General Merchandise','University Book Store','(206) 734-6870',NULL,'No','No'),
(1631,'STUDENT BOOK STORE','Wholesaler','University Book Store','(517) 351-4210','sbs@sbsmsu.com','No','No'),
(1632,'STUDENT BOOK STORE INC - PA','Wholesaler','University Book Store','(814) 237-7616',NULL,'No','No'),
(1633,'STUDENT BOOK STORE INC - VA','Wholesaler','University Book Store',NULL,NULL,'No','No'),
(1634,'STYLUS PUBLISHING LLC','Publisher','University Book Store','(800) 232-0223','stylusmail@presswarehouse.com','No','No'),
(72599,'Summit',' No Product Category ','University Book Store',NULL,NULL,'No','No'),
(1635,'SUNDOG PUBLISHING LLC','Publisher','University Book Store','(608) 622-7246','sales@sundogpublishing.com','No','No'),
(1636,'SUNY PRESS','Publisher','University Book Store','(877) 204-6073','suny@presswarehouse.com','No','No'),
(1767,'SWELL','General Merchandise','University Book Store',NULL,NULL,'No','No'),
(1637,'SWINDLER KROLL LLC','Utilities','University Book Store',NULL,NULL,'No','No'),
(1638,'SWINDLER, RONALD','Utilities','University Book Store','(352) 459-4951',NULL,'No','No'),
(1639,'SYKEL ENTERPRISES','General Merchandise','University Book Store','(212) 244-0099',NULL,'No','No'),
(1641,'SYSCO INDIANAPOLIS LLC','Utilities','University Book Store','(317) 291-2020',NULL,'No','No'),
(1640,'T&J PRINTING SUPPLY INC','General Merchandise','University Book Store','(847) 659-1369',NULL,'No','No'),
(2,'Tax Agency IN','Tax agency','University Book Store',NULL,NULL,'No','No'),
(1642,'TAYLOR & FRANCIS GROUP LLC','Publisher','University Book Store','(800) 821-8312','orders@taylorandfrancis.com','No','No'),
(1643,'TEACHERS COLLEGE PRESS','Publisher','University Book Store','(800) 575-6566','tcp.orders@btpubservices.com','No','No'),
(22891,'TEAM BEANS','General Merchandise','University Book Store','(848) 260-4260','RMILLER@FOCO.COM','No','No'),
(1644,'TEAM EFFORT INC','General Merchandise','University Book Store','(515) 532-2040',NULL,'No','No'),
(1645,'TEAM GOLF','General Merchandise','University Book Store','(214) 366-1595',NULL,'No','No'),
(1646,'TEECEE CONCEPTS','General Merchandise','University Book Store','(203) 693-4520',NULL,'No','No'),
(1768,'TERAGRAND','General Merchandise','University Book Store',NULL,NULL,'No','No'),
(1647,'TERVIS TUMBLER CO','General Merchandise','University Book Store','(800) 237-6688',NULL,'No','No'),
(1648,'TEXAS A&M UNIVERSITY PRESS','Publisher','University Book Store','(800) 826-8911','bookorders@tamu.edu','No','No'),
(72512,'Texas Book Company','Wholesaler','University Book Store','(800) 527-1016','returns@texasbook.com','No','No'),
(23394,'THE MEMORY COMPANY',' No Product Category ','University Book Store',NULL,NULL,'No','No'),
(1769,'THE NORTH FACE','General Merchandise','University Book Store',NULL,NULL,'No','No'),
(1841,'The Northwest Company','General Merchandise','University Book Store',NULL,NULL,'No','No'),
(154012,'The Shop Indy',' No Product Category ','University Book Store',NULL,NULL,'No','No'),
(1649,'THE UNITED WAY','Utilities','University Book Store','(765) 742-9077',NULL,'No','No'),
(1650,'THIRD STREET SPORTSWEAR','General Merchandise','University Book Store','(800) 538-1059',NULL,'No','No'),
(1651,'THOMAS C FREY','Stockholder','University Book Store',NULL,NULL,'No','No'),
(1653,'THOMAS C. FREY','Publisher','University Book Store','(765) 743-9618',NULL,'No','No'),
(1652,'THOMSON REUTERS-WEST','Publisher','University Book Store','(800) 328-2209',NULL,'No','No'),
(1654,'THYSSENKRUPP ELEVATOR CORP','Utilities','University Book Store','(317) 595-1125',NULL,'No','No'),
(1655,'TIMELY PRODUCTS CO INC','General Merchandise','University Book Store','(740) 862-4800',NULL,'No','No'),
(1656,'TIPPECANOE COUNTY TREASURER','Utilities','University Book Store',NULL,NULL,'No','No'),
(1657,'TOP OF THE WORLD','General Merchandise','University Book Store','(405) 360-9856',NULL,'No','No'),
(1658,'TOTES ISOTONER','General Merchandise','University Book Store','(513) 682-8411',NULL,'No','No'),
(1659,'TRANSACT CAMPUS INC','Utilities','University Book Store',NULL,NULL,'No','No'),
(1660,'TRASH KANS LLC','Utilities','University Book Store','(765) 447-9000',NULL,'No','No'),
(1661,'TRAVELERS','Utilities','University Book Store','(800) 252-2268',NULL,'No','No'),
(1662,'TREVOR MAHLMANN','General Merchandise','University Book Store','(630) 336-6616',NULL,'No','No'),
(1663,'TRI-FOXCO USA INC','General Merchandise','University Book Store','(888) 663-6940',NULL,'No','No'),
(1664,'TRILITERAL LLC','Publisher','University Book Store','(401) 531-2804','orders@triliteral.org','No','No'),
(1665,'TSC APPAREL','General Merchandise','University Book Store',NULL,NULL,'No','No'),
(1666,'TWEAKED AUDIO INC','General Merchandise','University Book Store',NULL,NULL,'No','No'),
(1667,'TY INC','General Merchandise','University Book Store','(800) 876-8000',NULL,'No','No'),
(1668,'TYNDALE HOUSE PUBLISHERS','Publisher','University Book Store','(630) 668-8300','csresponse@tyndale.com','No','No'),
(1669,'ULINE','Utilities','University Book Store',NULL,NULL,'No','No'),
(1670,'UNDER COVER STORAGE','Utilities','University Book Store','(765) 423-4616',NULL,'No','No'),
(1671,'UNITED PARCEL SERVICE','Utilities','University Book Store','(800) 811-1648',NULL,'No','No'),
(1672,'UNIVERSAL ADVERTISING ASSOC','Utilities','University Book Store','(800) 322-8224',NULL,'No','No'),
(1747,'University Book Store, Inc.','General Merchandise','University Book Store','(765) 743-9618',NULL,'No','No'),
(1673,'UNIVERSITY FRAMES','General Merchandise','University Book Store','(800) 711-1977',NULL,'No','No'),
(1674,'UNIVERSITY GIRLS','General Merchandise','University Book Store','(304) 610-2280',NULL,'No','No'),
(1675,'UNIVERSITY OF CHICAGO DISTRIBUTION CENTER','Publisher','University Book Store','(800) 621-2736','orders@press.uchicago.edu','No','No'),
(1676,'UNIVERSITY OF HAWAII','Publisher','University Book Store','(808) 956-8255','uhpbooks@hawaii.edu','No','No'),
(1677,'UNIVERSITY OF NEW MEXICO PRESS','Publisher','University Book Store','(800) 249-7737','orders@longleafservices.org','No','No'),
(1678,'UNIVERSITY OF OKLAHOMA PRESS','Publisher','University Book Store','(800) 627-7377','orders@longleafservices.org','No','No'),
(1679,'UNIVERSITY OF TEXAS PRESS','Publisher','University Book Store','(512) 471-4034','cs@utpress.utexas.edu','No','No'),
(1680,'UNIVERSITY OF TORONTO PRESS INC','Publisher','University Book Store','(716) 693-2768','utpbooks@utpress.utoronto.ca','No','No'),
(1681,'UNIVERSITY PRESS OF KANSAS','Publisher','University Book Store','(785) 864-4154','upkorders@ku.edu','No','No'),
(1682,'UNIVERSITY SCIENCE BOOKS','Publisher','University Book Store','(703) 661-1572','usbmail@presswarehouse.com','No','No'),
(1683,'UP WITH PAPER','General Merchandise','University Book Store','(800) 852-7677',NULL,'No','No'),
(1685,'UPNE BOOK PARTNERS','Publisher','University Book Store','(800) 421-1561','university.press@dartmouth.edu','No','No'),
(1684,'UPS FREIGHT','Utilities','University Book Store','(800) 333-7400',NULL,'No','No'),
(1687,'URNER BARRY PUBLICATIONS','Publisher','University Book Store','(732) 240-5330','sales@urnerbarry.com','No','No'),
(1686,'US DIGITAL MEDIA INC','General Merchandise','University Book Store','(877) 992-3766',NULL,'No','No'),
(1688,'US POSTAL SERVICE','Utilities','University Book Store',NULL,NULL,'No','No'),
(1689,'USF HOLLAND','Utilities','University Book Store','(866) 465-5263',NULL,'No','No'),
(1690,'VAN GRINER LLC','Publisher','University Book Store','(419) 733-7951','orders@van-griner.com','No','No'),
(75447,'Vanderplaats','Publisher','University Book Store','(719) 473-4611','info@vrand.com','No','No'),
(1691,'VECTREN ENERGY DELIVERY','Utilities','University Book Store','(800) 227-1376',NULL,'No','No'),
(1692,'VENLEY','General Merchandise','University Book Store','(800) 682-9456',NULL,'No','No'),
(1750,'VERA BRADLEY','General Merchandise','University Book Store',NULL,NULL,'No','No'),
(1693,'VERBA SOFTWARE INC','Utilities','University Book Store','(415) 738-2374',NULL,'No','No'),
(1694,'VERIZON','Utilities','University Book Store','(800) 922-0204',NULL,'No','No'),
(1695,'VESI INC','General Merchandise','University Book Store','(513) 563-6002',NULL,'No','No'),
(1696,'VF OUTDOOR LLC','General Merchandise','University Book Store','(866) 715-3223',NULL,'No','No'),
(1697,'VIBRATION INSTITUTE','Publisher','University Book Store','(630) 654-2254','information@vi-institute.org','No','No'),
(1698,'VILLAGE COMMONS BOOKSTORE','Wholesaler','University Book Store','(815) 758-0613','books@vcbs.com','No','No'),
(1699,'VISION SERVICE PLAN','Utilities','University Book Store','(800) 216-6248',NULL,'No','No'),
(1700,'VISTA HIGHER LEARNING','Publisher','University Book Store','1 (800) 269-6311','orders@vistahigherlearning.com','No','No'),
(1701,'VISUAL IMPACT','General Merchandise','University Book Store','(763) 783-9411',NULL,'No','No'),
(1702,'VITALSOURCE','Utilities','University Book Store','(615) 796-9763',NULL,'No','No'),
(1703,'VONS BOOK SHOP','Publisher','University Book Store','(765) 743-1915',NULL,'No','No'),
(1704,'W. LAFAYETTE PROPERTIES I, LLC','Utilities','University Book Store',NULL,NULL,'No','No'),
(1137,'wACADEMIC THERAPY PUBLICATIONS','Publisher','University Book Store','(800) 422-7249','PO@academictherapy.com','No','No'),
(1705,'WASHINGTON PROMOTIONAL GROUP','Utilities','University Book Store','(636) 239-7799',NULL,'No','No'),
(1706,'WASK-AM','Utilities','University Book Store','(765) 447-2186',NULL,'No','No'),
(1707,'WATER SAFETY PRODUCTS INC','General Merchandise','University Book Store','(800) 987-7238',NULL,'No','No'),
(1708,'WAVELAND PRESS','Publisher','University Book Store','(847) 634-0081','nwp@waveland.com','No','No'),
(1789,'WAYNE STATE UNIVERSITY PRESS','Publisher','University Book Store','(313) 577-6120','enowak@wayne.edu','No','No'),
(1709,'WEB ASSIGN','Publisher','University Book Store','(919) 829-8181','mywebassignorders@webassign.net','No','No'),
(1710,'WEINERS LTD','General Merchandise','University Book Store','(800) 788-8601',NULL,'No','No'),
(1711,'WELLS FARGO BANK, NA','General Merchandise','University Book Store',NULL,NULL,'No','No'),
(1712,'WELLS FARGO TRADE CAPITAL SERVICES','General Merchandise','University Book Store','(404) 355-9994',NULL,'No','No'),
(1713,'WELLSPRING','General Merchandise','University Book Store','(800) 533-3561',NULL,'No','No'),
(1714,'WEST ACADEMIC','Publisher','University Book Store','(877) 888-1330','resellers@westacademic.com','No','No'),
(1715,'WEST LAFAYETTE POLICE DEPARTMENT','Utilities','University Book Store',NULL,NULL,'No','No'),
(1716,'WEST LAFAYETTE RED DEVILS','Utilities','University Book Store','(765) 746-0423',NULL,'No','No'),
(1717,'WESTMINSTER JOHN KNOX PRESS','Publisher','University Book Store','(800) 533-4371','orders@wjkbooks.com','No','No'),
(59075,'WHOLESALE ONLY BOOKS','Wholesaler','University Book Store',NULL,NULL,'No','No'),
(1718,'WICWAS PRESS','Publisher','University Book Store','(269) 364-3304','ljconnor@aol.com','No','No'),
(1770,'WILD REPUBLIC','General Merchandise','University Book Store',NULL,NULL,'No','No'),
(1719,'WILD SALES LLC','General Merchandise','University Book Store','(317) 804-9160',NULL,'No','No'),
(1720,'WILLIS OF MICHIGAN INC','Utilities','University Book Store','(312) 288-7700',NULL,'No','No'),
(1721,'WILLOWBROOK COMPANY LLC','General Merchandise','University Book Store','(888) 877-3132',NULL,'No','No'),
(1722,'WINCRAFT INC','General Merchandise','University Book Store','(800) 801-6093',NULL,'No','No'),
(1723,'WING AERO PRODUCTS','Publisher','University Book Store','(800) 942-9464','andreahefner@wingaero.com','No','No'),
(1724,'WINNING STREAK SPORTS LLC','General Merchandise','University Book Store','(800) 768-0889',NULL,'No','No'),
(1725,'WINTEK CORP','Utilities','University Book Store','(765) 269-8502',NULL,'No','No'),
(1726,'WIPF & STOCK PUBLISHERS INC','Publisher','University Book Store','(541) 344-1528','orders@wipfandstock.com','No','No'),
(1727,'WM.B.EERDMANS PUB CO','Publisher','University Book Store','(800) 253-7522','customerservice@eerdmans.com','No','No'),
(1728,'WOLTERS KLUWER','Publisher','University Book Store','(800) 638-3030','bookstores@lww.com','No','No'),
(1729,'WOODFIELD PRINTING INC','Utilities','University Book Store','(317) 848-2000',NULL,'No','No'),
(1730,'WOOF BOOM RADIO','Utilities','University Book Store','(765) 701-6000',NULL,'No','No'),
(1731,'WOOLLY THREADS LLC','General Merchandise','University Book Store','(225) 778-7018',NULL,'No','No'),
(1732,'WORKMAN PUBLISHING CO','Publisher','University Book Store','(212) 254-5900','orders@workman.com','No','No'),
(1733,'WORLD GIFT CARD','Utilities','University Book Store','(888) 745-4112',NULL,'No','No'),
(1734,'WORLD SCIENTIFIC PUB CO INC','Publisher','University Book Store','(201) 487-9655','sales_us@wspc.com','No','No'),
(1735,'WORTHY PROMOTIONAL PRODUCTS','General Merchandise','University Book Store','(334) 541-4070',NULL,'No','No'),
(1736,'WPBI FOX 16 LAFAYETTE IN','Utilities','University Book Store','(601) 485-3030',NULL,'No','No'),
(1737,'WW NORTON & COMPANY INC','Publisher','University Book Store','(800) 233-4830','orders@wwnorton.com','No','No'),
(1738,'WYATT COMMUNICATIONS INC','Utilities','University Book Store','(765) 477-6545',NULL,'No','No'),
(1739,'XANEDU PUBLISHING INC','Publisher','University Book Store','(800) 420-6272','cporders@xanedu.com','No','No'),
(1740,'XEROX CORPORATION','Publisher','University Book Store',NULL,'sherry.swank@xerox.com','No','No'),
(1741,'XPO LOGISTICS FREIGHT INC','Utilities','University Book Store','(800) 755-2728',NULL,'No','No'),
(1742,'YASUTOMO INC','General Merchandise','University Book Store','(650) 737-8888',NULL,'No','No'),
(1743,'YETI','General Merchandise','University Book Store','(512) 394-0222',NULL,'No','No'),
(1744,'YOU THE FAN!','General Merchandise','University Book Store','(888) 713-5343',NULL,'No','No'),
(1745,'YRC FREIGHT','Utilities','University Book Store','(800) 610-6500',NULL,'No','No'),
(1851,'ZELO',' No Product Category ','University Book Store',NULL,NULL,'No','No'),
(1746,'ZIP RECRUITER','Utilities','University Book Store',NULL,NULL,'No','No');

CREATE TABLE IF NOT EXISTS item_sales (
    `order_id` INT,
    `item_id` varchar(50),
    `quantity` INT
);
INSERT INTO item_sales VALUES
(10010001,"14",6),
(10010001,"9990090836",14),
(10010002,"72225210090",10),
(10010003,"2",5),
(10010004,"302",2),
(10010005,"1",35),
(10010006,"3522201001",11),
(10010007,"68050595004",29),
(10010008,"68050595010",32),
(10010009,"68050595020",6),
(10010010,"22171",22),
(10010011,"652010920",21),
(10010012,"61035211202",5),
(10010013,"67264929601",31),
(10010014,"67264929605",34),
(10010015,"67264929610",19),
(10010016,"67264929611",13),
(10010017,"85944000704",6),
(10010018,"85944000708",16),
(10010019,"86299800003",7),
(10010020,"86299800005",30),
(10010021,"86299800007",29),
(10010022,"3660207992",12),
(10010023,"6932090993",31),
(10010024,"7166101202",1),
(10010025,"7301031409",11),
(10010026,"8241744001",7),
(10010027,"38137004754",9),
(10010028,"67811225418",11),
(10010029,"651043431",2),
(10010030,"2429100900",3),
(10010031,"3373201192",29),
(10010032,"3600012323",5),
(10010033,"4145701520",10),
(10010034,"8531700794",19),
(10010035,"38137003001",29),
(10010036,"60933221626",3),
(10010037,"65570812089",27),
(10010038,"72295022452",12),
(10010039,"72295030055",19),
(10010040,"72295033698",19),
(10010041,"72295033846",29),
(10010042,"79285000916",18),
(10010043,"79285010999",6),
(10010044,"79285011099",17),
(10010045,"79285013699",29),
(10010046,"79285064857",4),
(10010047,"79285090074",25),
(10010048,"79285090093",5),
(10010049,"79285090114",2),
(10010050,"79285090912",10),
(10010051,"79285090919",32),
(10010052,"84885801211",4),
(10010053,"785631102",2),
(10010054,"8307811314",18),
(10010055,"30041100808",34),
(10010056,"65570801828",32),
(10010057,"65570801903",33),
(10010058,"65570801911",12),
(10010059,"72295032846",30),
(10010060,"72295032924",33),
(10010061,"72295032927",7),
(10010062,"72295034078",29),
(10010063,"72295034136",20),
(10010064,"72295035172",22),
(10010065,"72295035204",18),
(10010066,"72295035324",30),
(10010067,"72295035341",21),
(10010068,"72295035401",17),
(10010069,"81000619020",27),
(10010070,"81000619040",15),
(10010071,"81000619047",6),
(10010072,"81000619169",32),
(10010073,"81000619171",17),
(10010074,"81000619355",17),
(10010075,"81000619357",2),
(10010076,"81000619363",7),
(10010077,"81000619522",20),
(10010078,"81000619527",11),
(10010079,"81000619626",23),
(10010080,"81000619656",7),
(10010081,"81000619729",2),
(10010082,"81000619784",14),
(10010083,"81676702026",17),
(10010084,"81676702253",18),
(10010085,"81676702355",9),
(10010086,"81719601287",31),
(10010087,"81719601524",16),
(10010088,"81719601599",28),
(10010089,"80303010013",2),
(10010090,"80303010014",28),
(10010091,"80303010015",12),
(10010092,"80303010016",24),
(10010093,"85562600524",33),
(10010094,"1739600100",9),
(10010095,"1739600202",5),
(10010096,"1739600403",13),
(10010097,"1739600510",20),
(10010098,"1739600700",28),
(10010099,"1739601495",31),
(10010100,"842135211",27),
(10010101,"842135306",17),
(10010102,"842136252",19),
(10010103,"842136448",2),
(10010104,"842136450",27),
(10010105,"842136501",24),
(10010106,"842136670",25),
(10010107,"842136673",29),
(10010108,"842136677",15),
(10010109,"842141261",11),
(10010110,"842141263",34),
(10010111,"842142311",17),
(10010112,"842142406",10),
(10010113,"842142410",20),
(10010114,"6581002938",11),
(10010115,"63871347196",10),
(10010116,"66547551071",23),
(10010117,"66547551137",15);

	CREATE TABLE IF NOT EXISTS inventory (
		`inv_order_id` INT,
		`vendor_id` int,
		`date_received` date
	);
	INSERT INTO inventory VALUES
	(1001,1135,"2021-11-02"),
	(1002,1784,"2021-11-02"),
	(1003,1136,"2021-11-02"),
	(1004,1138,"2021-11-02"),
	(1005,1139,"2021-11-02"),
	(1006,1781,"2021-11-02"),
	(1007,1140,"2021-11-02"),
	(1008,1141,"2021-11-02"),
	(1009,1142,"2021-11-02"),
	(1010,1143,"2021-11-02"),
	(1011,1144,"2021-11-02"),
	(1012,1145,"2021-11-02"),
	(1013,1146,"2021-11-02"),
	(1014,1147,"2021-11-02"),
	(1015,1148,"2021-11-02"),
	(1016,1149,"2021-11-02"),
	(1017,1150,"2021-11-02"),
	(1018,1151,"2021-11-02"),
	(1019,1751,"2021-11-02"),
	(1020,1152,"2021-11-02"),
	(1021,1153,"2021-11-02"),
	(1022,64512,"2021-11-02"),
	(1023,1154,"2021-11-02"),
	(1024,1155,"2021-11-02"),
	(1025,1156,"2021-11-02"),
	(1026,1157,"2021-11-02"),
	(1027,1158,"2021-11-02"),
	(1028,1159,"2021-11-02"),
	(1029,1786,"2021-11-02"),
	(1030,1160,"2021-11-02"),
	(1031,1802,"2021-11-02"),
	(1032,1795,"2021-11-02"),
	(1033,1161,"2021-11-02"),
	(1034,1162,"2021-11-02"),
	(1035,1163,"2021-11-02"),
	(1036,1164,"2021-11-02"),
	(1037,1165,"2021-11-02"),
	(1038,1166,"2021-11-02"),
	(1039,1167,"2021-11-02"),
	(1040,1168,"2021-11-02"),
	(1041,1169,"2021-11-02"),
	(1042,1170,"2021-11-02"),
	(1043,1780,"2021-11-02"),
	(1044,1171,"2021-11-02"),
	(1045,1172,"2021-11-02"),
	(1046,1173,"2021-11-02"),
	(1047,1174,"2021-11-02"),
	(1048,1175,"2021-11-02"),
	(1049,1176,"2021-11-02"),
	(1050,1796,"2021-11-02"),
	(1051,1177,"2021-11-02"),
	(1052,29451,"2021-11-02"),
	(1053,1178,"2021-11-02"),
	(1054,1179,"2021-11-03"),
	(1055,1857,"2021-11-03"),
	(1056,54063,"2021-11-03"),
	(1057,1180,"2021-11-03"),
	(1058,1181,"2021-11-03"),
	(1059,1182,"2021-11-03"),
	(1060,1135,"2021-11-03"),
	(1061,1784,"2021-11-03"),
	(1062,1136,"2021-11-03"),
	(1063,1138,"2021-11-03"),
	(1064,1139,"2021-11-03"),
	(1065,1781,"2021-11-03"),
	(1066,1140,"2021-11-03"),
	(1067,1141,"2021-11-03"),
	(1068,1142,"2021-11-03"),
	(1069,1143,"2021-11-03"),
	(1070,1144,"2021-11-03"),
	(1071,1145,"2021-11-03"),
	(1072,1146,"2021-11-03"),
	(1073,1147,"2021-11-03"),
	(1074,1148,"2021-11-03"),
	(1075,1149,"2021-11-03"),
	(1076,1150,"2021-11-03"),
	(1077,1151,"2021-11-03"),
	(1078,1751,"2021-11-03"),
	(1079,1152,"2021-11-03"),
	(1080,1153,"2021-11-03"),
	(1081,64512,"2021-11-03"),
	(1082,1154,"2021-11-03"),
	(1083,1155,"2021-11-03"),
	(1084,1156,"2021-11-03"),
	(1085,1157,"2021-11-03"),
	(1086,1158,"2021-11-03"),
	(1087,1159,"2021-11-03"),
	(1088,1786,"2021-11-03"),
	(1089,1160,"2021-11-03"),
	(1090,1802,"2021-11-03"),
	(1091,1795,"2021-11-03"),
	(1092,1161,"2021-11-03"),
	(1093,1162,"2021-11-03"),
	(1094,1163,"2021-11-03"),
	(1095,1164,"2021-11-03"),
	(1096,1165,"2021-11-03"),
	(1097,1166,"2021-11-03"),
	(1098,1167,"2021-11-03"),
	(1099,1168,"2021-11-03"),
	(1100,1169,"2021-11-03"),
	(1101,1170,"2021-11-03"),
	(1102,1780,"2021-11-03"),
	(1103,1171,"2021-11-03"),
	(1104,1172,"2021-11-03"),
	(1105,1173,"2021-11-03"),
	(1106,1174,"2021-11-03"),
	(1107,1175,"2021-11-03"),
	(1108,1176,"2021-11-03"),
	(1109,1796,"2021-11-03"),
	(1110,1177,"2021-11-03"),
	(1111,29451,"2021-11-03"),
	(1112,1178,"2021-11-03"),
	(1113,1179,"2021-11-03"),
	(1114,1857,"2021-11-03"),
	(1115,54063,"2021-11-03"),
	(1116,1180,"2021-11-03"),
	(1117,1181,"2021-11-03"),
	(1118,1182,"2021-11-03");


CREATE TABLE IF NOT EXISTS promotion (
    `promotion_id` varchar(50),
    `seasonal` varchar(50),
    start_date date,
    end_date date,
    discount float
);
Insert into promotion values
("EOMsale","Monthly","2021-07-25","2021-07-30",0.15),
("Christams2021","Seasonal","2021-12-01","2022-01-01",0.3),
("Thangsving2021","Seasonal","2021-11-01","2021-12-01",0.5),
("Halloween2021","Seasonal","2021-10-01","2021-11-01",0.25),
("PurdueGame1234","Adhoc","2021-08-04","2021-08-05",0.1),
("Christams2020","Seasonal","2020-12-01","2020-12-31",0.3),
("EverydayPromo23","Daily","2021-01-01","2022-01-01",0.05),
("PurdueGame134","Adhoc","2021-09-18","2021-09-23",0.1),
("Fridaysale12","Weekly","2021-07-01","2021-09-04",0.15);


CREATE TABLE IF NOT EXISTS sales (
    Order_Id int,
    Channel_Id int,
    customer_id int,
    employee_id int,
    date date
);
insert into sales values
(10010001,1001,2563,67799,"2021-07-26"),
(10010002,1002,2563,99425,"2021-11-30"),
(10010003,2001,2563,22993,"2021-11-29"),
(10010004,2002,2563,29143,"2021-10-15"),
(10010005,2003,2563,153801,"2021-08-06"),
(10010006,2004,2563,68235,"2020-12-12"),
(10010007,2005,2563,27623,"2021-11-20"),
(10010008,2006,2434,27622,"2021-09-18"),
(10010009,2007,3011,151075,"2021-07-29"),
(10010010,2008,2986,95772,"2021-07-28"),
(10010011,2009,129,29247,"2021-11-14"),
(10010012,2010,130,64307,"2021-11-04"),
(10010013,1001,131,62250,"2021-11-01"),
(10010014,1001,132,146691,"2021-08-05"),
(10010015,1001,2593,122,"2020-12-03"),
(10010016,1002,3010,5,"2021-09-12"),
(10010017,2001,2582,28966,"2021-09-21"),
(10010018,2002,2969,65556,"2021-07-11"),
(10010019,2003,2455,30477,"2021-07-25"),
(10010020,2004,2964,31419,"2021-11-18"),
(10010021,2005,2998,27617,"2021-11-08"),
(10010022,2006,2569,26153,"2021-10-17"),
(10010023,2007,2367,30475,"2021-08-07"),
(10010024,2008,2442,25615,"2020-12-09"),
(10010025,2009,2373,32689,"2021-09-24"),
(10010026,2010,2397,143907,"2021-09-23"),
(10010027,2002,2561,30476,"2021-07-31"),
(10010028,2003,2453,80774,"2021-07-29"),
(10010029,2004,2965,14,"2021-11-16"),
(10010030,2005,2999,232,"2021-11-13"),
(10010031,2006,2982,234,"2021-10-26"),
(10010032,2007,3021,98900,"2021-08-04"),
(10010033,2008,2366,30351,"2020-12-31"),
(10010034,2009,3020,30350,"2021-10-03"),
(10010035,2010,3025,30474,"2021-09-18"),
(10010036,2011,2573,8,"2021-07-20"),
(10010037,2003,2570,24324,"2021-07-26"),
(10010038,2004,2967,103039,"2021-11-22"),
(10010039,2005,2591,27621,"2021-11-19"),
(10010040,2006,3013,59395,"2021-10-04"),
(10010041,2007,2568,90933,"2021-08-05"),
(10010042,2008,2576,128,"2020-12-12"),
(10010043,2009,2988,25498,"2021-09-13"),
(10010044,2010,3002,30471,"2021-09-20"),
(10010045,2011,1839,153070,"2021-07-14"),
(10010046,2012,1839,35601,"2021-07-30"),
(10010047,2004,1839,126,"2021-01-01"),
(10010048,2005,2457,26164,"2021-11-23"),
(10010049,2006,2457,23196,"2021-10-12"),
(10010050,2007,2457,153069,"2021-08-09"),
(10010051,2008,2457,62109,"2020-12-20"),
(10010052,2009,2457,68435,"2021-01-18"),
(10010053,2010,2457,155127,"2021-09-18"),
(10010054,2011,1961,3,"2021-07-25"),
(10010055,2012,1839,30472,"2021-07-30"),
(10010056,2013,1839,80775,"2021-11-28"),
(10010057,2005,1839,90932,"2021-11-16"),
(10010058,2006,1839,90929,"2021-10-04"),
(10010059,2007,1839,17,"2021-08-08");


CREATE TABLE IF NOT EXISTS promotion_item (
    `promotion_id` INT,
    `item_id` varchar(50)

);
Insert into promotion_item values
("EOMsale","14"),
("Christams2021","9990090836"),
("Thangsving2021","72225210090"),
("Halloween2021","2"),
("PurdueGame1234","302"),
("Christams2020","1"),
("Christams2020","3522201001"),
("Christams2021","63871316772"),
("Christams2021","63871317410"),
("EverydayPromo23","63871326029"),
("Christams2021","63871326232"),
("Christams2020","63871328521"),
("EOMsale","63871341997"),
("Christams2020","63871342146"),
("Halloween2021","63871342221"),
("PurdueGame134","63871344834"),
("PurdueGame1234","66137179960"),
("EverydayPromo23","66137181770"),
("PurdueGame1234","85944000708"),
("Christams2020","86299800003"),
("PurdueGame134","86299800005"),
("PurdueGame134","86299800007"),
("Fridaysale12","3660207992"),
("Fridaysale12","6932090993"),
("PurdueGame1234","7166101202"),
("EverydayPromo23","7301031409"),
("EverydayPromo23","63871316772"),
("Halloween2021","63871317410"),
("PurdueGame134","63871326029"),
("Fridaysale12","63871326232"),
("Halloween2021","63871328521"),
("Halloween2021","63871341997"),
("EOMsale","63871342221"),
("Christams2021","63871344834"),
("Thangsving2021","66137179960"),
("Halloween2021","66137181770"),
("EOMsale","65570812089"),
("Christams2021","72295022452"),
("Thangsving2021","72295030055"),
("Christams2021","72295033698"),
("Christams2020","72295033846"),
("PurdueGame1234","79285000916"),
("Halloween2021","79285010999"),
("PurdueGame1234","79285011099"),
("Christams2021","79285013699"),
("EOMsale","79285064857"),
("EverydayPromo23","79285090074"),
("Christams2020","79285090093"),
("Christams2021","79285090114"),
("Halloween2021","79285090912"),
("PurdueGame134","79285090919"),
("EOMsale","84885801211"),
("PurdueGame134","785631102"),
("Halloween2021","8307811314"),
("Thangsving2021","30041100808"),
("Christams2021","65570801828"),
("Halloween2021","65570801903"),
("PurdueGame134","65570801911"),
("Halloween2021","72295032846"),
("Thangsving2021","72295032924"),
("Christams2021","72295032927"),
("Christams2021","72295034078"),
("Thangsving2021","72295034136"),
("EOMsale","72295035172"),
("PurdueGame134","72295035204"),
("PurdueGame134","72295035324"),
("PurdueGame134","72295035341"),
("EverydayPromo23","72295035401"),
("PurdueGame1234","63871316772"),
("Fridaysale12","63871317410"),
("Thangsving2021","63871326029"),
("PurdueGame134","63871326232"),
("Christams2020","63871341997"),
("Thangsving2021","63871342146"),
("Thangsving2021","63871342221"),
("Thangsving2021","63871344834"),
("EOMsale","66137179960"),
("Fridaysale12","66137181770"),
("PurdueGame1234","81000619656"),
("Christams2021","81000619729"),
("PurdueGame134","81000619784"),
("PurdueGame134","81676702026"),
("Christams2021","81676702253"),
("EOMsale","81676702355"),
("EverydayPromo23","81719601287"),
("Christams2020","81719601524"),
("EOMsale","81719601599"),
("PurdueGame1234","80303010013"),
("Christams2021","80303010014"),
("EOMsale","80303010015"),
("PurdueGame1234","80303010016"),
("EOMsale","85562600524"),
("EverydayPromo23","1739600100"),
("EverydayPromo23","1739600202"),
("EverydayPromo23","1739600403"),
("Thangsving2021","1739600510"),
("Christams2021","1739600700"),
("Fridaysale12","1739601495"),
("PurdueGame134","842135211"),
("Christams2021","842135306"),
("Halloween2021","842136252"),
("EOMsale","842136448"),
("Christams2020","842136450"),
("EverydayPromo23","842136501"),
("Christams2020","842136670"),
("EverydayPromo23","842136673"),
("Christams2020","842136677"),
("EverydayPromo23","842141261"),
("EOMsale","63871316772"),
("Christams2020","63871317410"),
("Thangsving2021","63871328521"),
("PurdueGame1234","63871341997"),
("PurdueGame1234","63871342221"),
("PurdueGame1234","63871344834"),
("Christams2021","66547552312"),
("PurdueGame134","76763621105"),
("Christams2020","54040060439"),
("Thangsving2021","642510018"),
("EOMsale","642521212"),
("Halloween2021","1261569747"),
("PurdueGame134","1261569785"),
("Christams2021","1261569809"),
("EOMsale","1261570354"),
("Halloween2021","1261571505"),
("PurdueGame1234","1261571914"),
("PurdueGame1234","1261573152"),
("EverydayPromo23","1261573958"),
("EOMsale","1261573989"),
("Fridaysale12","1261574347"),
("Christams2021","2839910203"),
("PurdueGame134","2839913929"),
("Christams2020","6581012758"),
("EverydayPromo23","6581094693"),
("PurdueGame1234","7385400914"),
("Halloween2021","8281501200"),
("PurdueGame1234","8281508800"),
("Halloween2021","8281527320"),
("PurdueGame134","8281580189"),
("EOMsale","9578714901"),
("Fridaysale12","60239403702"),
("Fridaysale12","63871316772"),
("Christams2020","63871326029"),
("Christams2020","63871326232"),
("Christams2021","63871342221"),
("EverydayPromo23","63871344834"),
("EverydayPromo23","66137179960"),
("Christams2021","66137181770"),
("PurdueGame134","66547518095"),
("PurdueGame134","66547518245"),
("Halloween2021","66547518264"),
("PurdueGame1234","66547519254"),
("EverydayPromo23","66547519302"),
("PurdueGame1234","66547519312"),
("Thangsving2021","67264922891"),
("Thangsving2021","67264929507"),
("EverydayPromo23","67264929665"),
("Halloween2021","67264929742"),
("EOMsale","68396360634"),
("Christams2021","68396360684"),
("PurdueGame1234","68396361164"),
("PurdueGame134","72295033704"),
("EOMsale","75055700352"),
("Halloween2021","81988702323"),
("Fridaysale12","86406200010"),
("EverydayPromo23","97473065879"),
("PurdueGame1234","81874701078"),
("Thangsving2021","81874701103"),
("Thangsving2021","81874701419"),
("Christams2020","82546612064"),
("PurdueGame1234","88600360891"),
("PurdueGame1234","88600361773"),
("Halloween2021","88600365743"),
("Christams2020","88600371532"),
("Fridaysale12","88600371638"),
("Christams2021","63871326029"),
("PurdueGame134","66137179960"),
("Christams2021","88600379037"),
("Christams2021","88600379165"),
("Christams2021","88600380194"),
("PurdueGame134","88600380377"),
("Thangsving2021","88600380387"),
("PurdueGame134","88600380388"),
("Halloween2021","88600380398"),
("Christams2021","88600380400"),
("Halloween2021","88600380407"),
("Christams2020","88600380414"),
("PurdueGame1234","88600380440"),
("EOMsale","88600380605"),
("EOMsale","88600380615"),
("Christams2021","88600380695"),
("Fridaysale12","88600382321"),
("PurdueGame134","80303000101"),
("EOMsale","80303000102"),
("Thangsving2021","210"),
("Fridaysale12","120"),
("Thangsving2021","130"),
("Thangsving2021","1200017319"),
("EverydayPromo23","5200032481"),
("PurdueGame134","5200032866"),
("PurdueGame134","7084701247"),
("Fridaysale12","7550604202"),
("Fridaysale12","7550605040"),
("Thangsving2021","7550605060"),
("PurdueGame134","8304600013"),
("Christams2020","8390000577"),
("PurdueGame134","71941050001"),
("PurdueGame134","71941080001"),
("PurdueGame134","80406600043"),
("EverydayPromo23","229730"),
("EverydayPromo23","980080005"),
("Fridaysale12","1708289041"),
("Christams2020","2840000997"),
("Thangsving2021","2840001043"),
("Fridaysale12","2840001254"),
("PurdueGame1234","2840001255"),
("PurdueGame1234","2840003979"),
("EverydayPromo23","2840004348"),
("EverydayPromo23","2840004790"),
("PurdueGame134","2840004793"),
("PurdueGame134","2840004802"),
("Christams2021","2840005945"),
("Christams2020","2840007054"),
("EOMsale","2840007056"),
("Christams2021","2840007188"),
("Thangsving2021","2840007189"),
("Christams2020","2840007325"),
("EverydayPromo23","2840007326"),
("Thangsving2021","2840008278"),
("PurdueGame1234","63871317410"),
("EverydayPromo23","63871328521"),
("EverydayPromo23","63871341997"),
("Fridaysale12","63871342146"),
("Christams2020","63871344834"),
("Christams2020","66137179960"),
("EOMsale","66137181770"),
("Christams2021","7232070006"),
("Halloween2021","7314115004"),
("EverydayPromo23","7314115304"),
("PurdueGame1234","7314115315"),
("Fridaysale12","40180777972"),
("PurdueGame1234","59051875001"),
("Thangsving2021","72225210120"),
("Thangsving2021","89757400040"),
("PurdueGame134","404320"),
("EOMsale","80052760"),
("EOMsale","1070006080"),
("Christams2021","1070080722"),
("PurdueGame134","1254601109"),
("Fridaysale12","1254601144"),
("PurdueGame1234","1254601147"),
("Fridaysale12","1708287745"),
("Christams2020","3823602830"),
("Thangsving2021","1417338089"),
("Christams2021","4497400978"),
("Christams2020","4497479298"),
("Fridaysale12","4497479478"),
("EOMsale","7053014420"),
("Fridaysale12","7053014421"),
("EOMsale","7166200816"),
("Halloween2021","7166261212"),
("Thangsving2021","8243517750"),
("Christams2020","8243518452"),
("Fridaysale12","8835480054"),
("Halloween2021","63927760166"),
("Christams2020","8243505508"),
("PurdueGame1234","3124801076"),
("Fridaysale12","7166243506"),
("EOMsale","9067202648"),
("EOMsale","75706391853"),
("EOMsale","8243575111"),
("PurdueGame134","9341"),
("PurdueGame134","1201736712"),
("Thangsving2021","1234500015"),
("Fridaysale12","4517305461"),
("PurdueGame134","8400101188"),
("EOMsale","8400103031"),
("PurdueGame1234","40000015246"),
("EverydayPromo23","5010000000000"),
("PurdueGame1234","72036202860"),
("PurdueGame1234","73628233125"),
("EverydayPromo23","1201737109"),
("Christams2021","1201744009"),
("PurdueGame134","1201744011"),
("PurdueGame1234","1201744018"),
("EOMsale","1201744318"),
("Halloween2021","1201765759"),
("Halloween2021","9788862930"),
("EverydayPromo23","97888837071"),
("Thangsving2021","7073503510"),
("Halloween2021","7164104947"),
("EOMsale","7164135526"),
("PurdueGame134","7164135529"),
("Christams2021","7164135530"),
("Thangsving2021","7164135534"),
("Christams2020","7164135550"),
("Christams2021","7164135552"),
("EOMsale","7164135554"),
("Thangsving2021","7164135561"),
("Fridaysale12","7164135563"),
("PurdueGame1234","7166207708"),
("PurdueGame1234","7166207836"),
("PurdueGame134","88953661138"),
("Halloween2021","88953668430"),
("Christams2020","6064100102"),
("Halloween2021","6064100103"),
("Thangsving2021","3208580001"),
("Halloween2021","63871316772"),
("Fridaysale12","63871328521"),
("Christams2021","63871341997"),
("Christams2021","63871342146"),
("PurdueGame1234","66137181770"),
("Fridaysale12","4692325892"),
("EOMsale","4692350000"),
("Christams2020","3208509632"),
("Christams2020","6064100101"),
("PurdueGame134","6064100104"),
("Thangsving2021","19592444339"),
("PurdueGame1234","19592444340"),
("Fridaysale12","4692301012"),
("Christams2021","4692301013"),
("Halloween2021","4692301014"),
("PurdueGame1234","4692301015"),
("PurdueGame134","4692301017"),
("Halloween2021","4692301023"),
("EOMsale","4692301024"),
("Christams2021","4692301025"),
("PurdueGame1234","4692301026"),
("PurdueGame134","4692301027"),
("EverydayPromo23","4692301033"),
("EverydayPromo23","4692301034"),
("EverydayPromo23","4692301035"),
("Fridaysale12","4692301036"),
("Thangsving2021","4692301043"),
("PurdueGame134","4692301044"),
("Christams2020","4692301045"),
("EverydayPromo23","4692301046"),
("Halloween2021","4692301053"),
("Christams2021","4692301054"),
("Thangsving2021","4692301055"),
("PurdueGame1234","4692301056"),
("Halloween2021","4692301072"),
("PurdueGame134","4692301073"),
("Thangsving2021","4692301074"),
("Christams2020","4692301075"),
("Christams2020","4692301082"),
("Fridaysale12","4692301142"),
("Thangsving2021","4692301143"),
("PurdueGame1234","4692301144"),
("EverydayPromo23","4692301145"),
("Christams2020","4692301162"),
("Christams2021","4692301163"),
("Christams2020","4692301164"),
("Fridaysale12","4692301165"),
("PurdueGame1234","4692301172"),
("Fridaysale12","4692301174"),
("Fridaysale12","4692301175"),
("EOMsale","4692301432"),
("Halloween2021","4692301434"),
("PurdueGame134","4692301435"),
("PurdueGame1234","4692301443"),
("PurdueGame134","4692301444"),
("Fridaysale12","4692301446"),
("Fridaysale12","4692301472"),
("Thangsving2021","4692301474"),
("EOMsale","4692301475"),
("EOMsale","4692301481"),
("Christams2021","4692301523"),
("Fridaysale12","4692301553"),
("EOMsale","4692301594"),
("EverydayPromo23","63871326232"),
("Fridaysale12","63871341997"),
("PurdueGame134","63871342146"),
("Fridaysale12","63871342221"),
("Halloween2021","63871344834"),
("Thangsving2021","63871316772"),
("PurdueGame1234","63871328521"),
("PurdueGame134","63871341997"),
("Fridaysale12","66137179960"),
("Halloween2021","4692310032"),
("EOMsale","4692310033"),
("Fridaysale12","4692310034"),
("EverydayPromo23","4692310035"),
("EverydayPromo23","4692310036"),
("Thangsving2021","4692310042"),
("EverydayPromo23","4692310092"),
("Christams2021","4692310093"),
("EverydayPromo23","4692310094"),
("Christams2020","4692310095"),
("PurdueGame1234","4692310096"),
("Fridaysale12","4692310103"),
("Fridaysale12","4692310104"),
("Halloween2021","4692310105"),
("EverydayPromo23","4692310112"),
("Fridaysale12","4692310113"),
("Thangsving2021","4692310114"),
("PurdueGame134","4692310115"),
("PurdueGame1234","4692310116"),
("PurdueGame134","4692310182"),
("EOMsale","4692310183"),
("PurdueGame134","4692310184"),
("EverydayPromo23","4692310185"),
("Thangsving2021","4692310186"),
("PurdueGame1234","4692310261"),
("Christams2021","4692310262"),
("Fridaysale12","4692310263"),
("EverydayPromo23","4692310264"),
("PurdueGame1234","4692310265"),
("Thangsving2021","4692310266"),
("EOMsale","4692310293"),
("Thangsving2021","4692310295"),
("EOMsale","4692310351"),
("Fridaysale12","4692310355"),
("Christams2020","4692310582"),
("Thangsving2021","4692310583"),
("PurdueGame134","4692310592"),
("EOMsale","4692310593"),
("PurdueGame1234","4692310594"),
("EverydayPromo23","4692310601"),
("EverydayPromo23","4692310602"),
("Christams2021","4692310603"),
("Thangsving2021","4692310604"),
("Thangsving2021","4692310605"),
("PurdueGame134","7872302062"),
("EverydayPromo23","7872302063"),
("PurdueGame134","63871316772"),
("EOMsale","63871317410"),
("EOMsale","63871342146"),
("PurdueGame134","63871342221"),
("EOMsale","4692301102"),
("Thangsving2021","63871317410"),
("Thangsving2021","63871326232"),
("Christams2021","63871328521"),
("Thangsving2021","63871341997"),
("Christams2021","66137179960"),
("Christams2021","4692301133"),
("Christams2021","4692301135"),
("Fridaysale12","4692301252"),
("PurdueGame1234","4692301342"),
("PurdueGame134","4692301345"),
("PurdueGame1234","4692301346"),
("Christams2020","4692301347"),
("Thangsving2021","4692301602"),
("PurdueGame1234","4692301603"),
("Christams2020","4692301604"),
("PurdueGame134","4692301605"),
("PurdueGame1234","4692301607"),
("Fridaysale12","4692301622"),
("PurdueGame1234","4692301623"),
("Christams2021","4692301624"),
("Christams2021","4692301625"),
("PurdueGame1234","4692302103"),
("Fridaysale12","4692302104"),
("Christams2021","4692301452"),
("Fridaysale12","4692301453"),
("Thangsving2021","4692302442"),
("EverydayPromo23","4692302443"),
("Thangsving2021","4692302444"),
("PurdueGame1234","4692310053"),
("Halloween2021","4692310054"),
("Fridaysale12","4692310055"),
("PurdueGame134","4692310056"),
("Halloween2021","4692310202"),
("Thangsving2021","4692310212"),
("PurdueGame1234","4692310254"),
("Thangsving2021","4692310255"),
("PurdueGame1234","4692310213"),
("Halloween2021","4692310214"),
("Christams2021","4692306052"),
("PurdueGame1234","4692306062"),
("EverydayPromo23","4692308052"),
("Halloween2021","15571003"),
("EverydayPromo23","1573301112"),
("Thangsving2021","1573301114"),
("Christams2021","1573301115"),
("PurdueGame134","1573301116"),
("PurdueGame134","63871328521"),
("EOMsale","63871344834"),
("Christams2020","19013680995"),
("Christams2020","19111972265"),
("Christams2020","19165781617"),
("EverydayPromo23","19188842910"),
("Halloween2021","19188845571"),
("Halloween2021","19250236975"),
("Thangsving2021","19260400042"),
("Fridaysale12","19314525068"),
("Halloween2021","19450115295"),
("EOMsale","19524206785"),
("Thangsving2021","63238984184"),
("Fridaysale12","64182435093"),
("Christams2021","64182435096"),
("PurdueGame134","64182435099"),
("Thangsving2021","64182435104"),
("PurdueGame1234","64182435105"),
("EOMsale","88445706692"),
("Thangsving2021","88445706804"),
("Thangsving2021","19475192326"),
("PurdueGame134","24"),
("EverydayPromo23","8187300011"),
("Christams2020","8187300012"),
("Fridaysale12","4790501006"),
("Christams2020","19475286281"),
("Fridaysale12","19475292321"),
("PurdueGame134","19475292323"),
("Halloween2021","19536929841"),
("EOMsale","19536929842"),
("EverydayPromo23","63871342146"),
("PurdueGame134","19536973404"),
("PurdueGame1234","19536973405"),
("PurdueGame134","19536973406"),
("Fridaysale12","19536973407"),
("EOMsale","19536980066"),
("PurdueGame134","19536980067"),
("PurdueGame1234","19536980068"),
("Halloween2021","19536980069"),
("EverydayPromo23","19536980070"),
("PurdueGame1234","19536980196"),
("PurdueGame1234","19536980197"),
("Fridaysale12","19536980198"),
("Halloween2021","19536980199"),
("EOMsale","19536980200"),
("Christams2021","19536981237"),
("EOMsale","19536981238"),
("Christams2020","19536981239"),
("Fridaysale12","19536981240"),
("Halloween2021","19536981241"),
("Christams2020","64182435015"),
("Christams2021","64182435016"),
("PurdueGame134","64182435017"),
("Christams2020","64182435018"),
("Halloween2021","65702608305"),
("Thangsving2021","65702674617"),
("Halloween2021","19536937438"),
("Christams2020","19536937439"),
("Christams2020","19536971222"),
("Christams2021","19536971223"),
("PurdueGame1234","19536971224"),
("Thangsving2021","19536971225"),
("Christams2020","19536971226"),
("EverydayPromo23","19536973914"),
("Christams2021","19536973915"),
("EOMsale","19536973916"),
("PurdueGame134","19536973917"),
("Christams2021","19536973918"),
("Halloween2021","19536971351"),
("Halloween2021","19536971352"),
("EverydayPromo23","65702672635"),
("Fridaysale12","65702672636"),
("EOMsale","65702672637"),
("EOMsale","19536972747"),
("PurdueGame1234","19536972748"),
("EverydayPromo23","19536972749"),
("Halloween2021","19536972750"),
("Christams2020","19536980744"),
("Fridaysale12","19536980745"),
("Christams2021","19536980746"),
("Christams2021","19475248837"),
("PurdueGame134","19536929745"),
("Christams2020","19536929746"),
("EOMsale","19536929747"),
("PurdueGame1234","19536929748"),
("PurdueGame134","65702605372"),
("PurdueGame134","65702605373"),
("EverydayPromo23","19536926944"),
("Thangsving2021","19536926945"),
("Thangsving2021","19536926946"),
("Thangsving2021","19536926947"),
("PurdueGame134","19536926948"),
("PurdueGame134","19536971290"),
("PurdueGame1234","19536971291"),
("EverydayPromo23","19536971292"),
("PurdueGame1234","19536971293"),
("PurdueGame134","19536971294"),
("Thangsving2021","19475282536"),
("Christams2020","1170601044"),
("PurdueGame1234","1170601045"),
("Halloween2021","1573301682"),
("Christams2021","1573301683"),
("EOMsale","63871328521"),
("Christams2020","4622001033"),
("Fridaysale12","4622001034"),
("Christams2020","4622001037"),
("Christams2021","4622001042"),
("Fridaysale12","4622001043"),
("Halloween2021","4622001052"),
("EverydayPromo23","4622001053"),
("EOMsale","4622001054"),
("EverydayPromo23","4622001055"),
("PurdueGame134","4622001056"),
("Halloween2021","4622001062"),
("EOMsale","4622001063"),
("PurdueGame134","4622001064"),
("Christams2020","4622001065"),
("EverydayPromo23","4622001066"),
("PurdueGame1234","4622001072"),
("PurdueGame1234","4622001073"),
("PurdueGame134","4622001074"),
("PurdueGame134","4622001075"),
("Christams2020","4622001076"),
("PurdueGame1234","6622101002"),
("Fridaysale12","6622101003"),
("EOMsale","6622101004"),
("Thangsving2021","6622101005"),
("PurdueGame1234","6622101006"),
("EverydayPromo23","6622101012"),
("Thangsving2021","6622101014"),
("Halloween2021","6622101015"),
("EverydayPromo23","6622101016"),
("Christams2021","6622101017"),
("Christams2021","6622101032"),
("EOMsale","6622101033"),
("Thangsving2021","6622101034"),
("Christams2020","6622101042"),
("PurdueGame1234","6622101043"),
("EverydayPromo23","6622101044"),
("Fridaysale12","6622101045"),
("PurdueGame1234","6622101046"),
("PurdueGame134","6622101047"),
("Christams2021","6622101053"),
("Christams2021","6622101054"),
("PurdueGame1234","6622101055"),
("EOMsale","6622101057"),
("Christams2021","6622101062"),
("PurdueGame1234","6622101063"),
("Christams2021","6622101064"),
("PurdueGame134","6622101072"),
("Thangsving2021","6622101073"),
("EOMsale","6622101074"),
("PurdueGame1234","6622101075"),
("Christams2020","6622101077"),
("Christams2020","6622101092"),
("Thangsving2021","6622101093"),
("Thangsving2021","6622101094"),
("Halloween2021","6622101095"),
("Halloween2021","6622101102"),
("Halloween2021","6622101105"),
("EverydayPromo23","6622101106"),
("Halloween2021","6622101112"),
("EOMsale","6622101113"),
("Christams2021","6622101114"),
("Christams2021","6622101115"),
("Christams2021","6622101122"),
("PurdueGame134","6622101124"),
("EverydayPromo23","6622101125"),
("PurdueGame1234","6622101126"),
("EOMsale","6622101133"),
("PurdueGame134","6622101134"),
("EOMsale","6622101232"),
("Christams2021","6622101233"),
("Christams2021","6622101234"),
("PurdueGame134","6622101236"),
("Christams2021","6622101246"),
("PurdueGame1234","6622101252"),
("PurdueGame1234","6622101253"),
("Thangsving2021","6622101254"),
("Christams2021","6622101255"),
("Halloween2021","6622101256"),
("Fridaysale12","6622101262"),
("EverydayPromo23","6622101263"),
("Halloween2021","6622101264"),
("PurdueGame1234","63871326232"),
("EverydayPromo23","63871342221"),
("Christams2020","66137181770"),
("EverydayPromo23","6622101312"),
("Christams2020","6622101313"),
("EverydayPromo23","6622101314"),
("EverydayPromo23","6622101422"),
("PurdueGame1234","6622101423"),
("Christams2020","6622101434"),
("Christams2021","8187301032"),
("PurdueGame134","8187301033"),
("Thangsving2021","8187301034"),
("EOMsale","8187301035"),
("Fridaysale12","8187301036"),
("EverydayPromo23","8187301054"),
("Thangsving2021","8187301192"),
("Fridaysale12","8187301193"),
("EOMsale","8187301194"),
("EverydayPromo23","8187301195"),
("PurdueGame1234","8187301196"),
("Halloween2021","8187301197"),
("Christams2021","8187301212"),
("Christams2020","8187301213"),
("Halloween2021","8187301214"),
("Christams2020","8187301215"),
("EOMsale","8187301222"),
("Christams2021","8187301223"),
("EverydayPromo23","8187301224"),
("Halloween2021","8187301225"),
("Thangsving2021","8187301226"),
("PurdueGame1234","8187301232"),
("Fridaysale12","8187301234"),
("PurdueGame134","8187301235"),
("Fridaysale12","8187301242"),
("EOMsale","8187301243"),
("EOMsale","8187301244"),
("Thangsving2021","8187301245"),
("Thangsving2021","8187301246"),
("Thangsving2021","8187301274"),
("PurdueGame134","8187301275"),
("Thangsving2021","8187301277"),
("Thangsving2021","8187301342"),
("EOMsale","8187301343"),
("Halloween2021","8187301345"),
("Christams2020","8187301346"),
("PurdueGame1234","8187301353"),
("EverydayPromo23","8187301354"),
("Fridaysale12","8187301355"),
("EOMsale","8187301362"),
("Halloween2021","8187301363"),
("Thangsving2021","8187301364"),
("Thangsving2021","8187301432"),
("PurdueGame134","8187301433"),
("Christams2020","8187301434"),
("Christams2020","8187301435"),
("Christams2020","8187301452"),
("EOMsale","8187301454"),
("Fridaysale12","8187301456"),
("EOMsale","8187301462"),
("EverydayPromo23","8187301463"),
("EOMsale","8187301465"),
("PurdueGame134","8187301472"),
("EOMsale","8187301473"),
("Fridaysale12","8187301474"),
("Christams2020","8187301475"),
("PurdueGame134","8187301476"),
("EverydayPromo23","8187301532"),
("EverydayPromo23","8187301534"),
("Halloween2021","8187301535"),
("PurdueGame1234","8187301542"),
("Christams2021","8187301543"),
("PurdueGame1234","8187301544"),
("Christams2020","8187301545"),
("EOMsale","8187301546"),
("EverydayPromo23","8187301552"),
("EOMsale","8187301553"),
("Fridaysale12","8187301554"),
("PurdueGame1234","8187301555"),
("PurdueGame1234","8187301562"),
("EverydayPromo23","8187301563"),
("Christams2021","8187301564"),
("Thangsving2021","8187301565"),
("Thangsving2021","8187301566"),
("EverydayPromo23","8187301567"),
("Thangsving2021","8187301572"),
("EverydayPromo23","8187301573"),
("Halloween2021","8187301574"),
("EOMsale","8187301575"),
("EverydayPromo23","8187301576"),
("EverydayPromo23","8187301582"),
("PurdueGame134","8187301583"),
("Thangsving2021","8187301584"),
("EOMsale","8187301593"),
("Christams2021","8187301594"),
("Christams2020","8187301595"),
("PurdueGame134","8187301596"),
("Thangsving2021","8187301597"),
("Christams2021","8187301612"),
("EOMsale","8187301613"),
("EOMsale","8187301614"),
("PurdueGame134","8187301615"),
("EOMsale","8187301616"),
("Christams2020","8187301622"),
("Fridaysale12","8187301623"),
("EverydayPromo23","8187301624"),
("PurdueGame1234","8187301625"),
("PurdueGame1234","8187301626"),
("Fridaysale12","8187301682"),
("Halloween2021","8187301762"),
("Christams2020","8187301763"),
("Christams2020","8187301764"),
("PurdueGame1234","8187301765"),
("Fridaysale12","8187301766"),
("Christams2021","8187301772"),
("Christams2021","8187301773"),
("Christams2020","8187301774"),
("Christams2021","8187301775"),
("EOMsale","8187301776"),
("Christams2021","8187301782"),
("PurdueGame134","8187301783"),
("Halloween2021","8187301784"),
("Fridaysale12","8187301785"),
("PurdueGame134","8187301786"),
("Thangsving2021","8187301792"),
("Christams2021","8187301793"),
("PurdueGame1234","8187301794"),
("EverydayPromo23","8187301795"),
("PurdueGame1234","8187301796"),
("Fridaysale12","8187301802"),
("Halloween2021","8187301803"),
("EverydayPromo23","8187301804"),
("EOMsale","8187301805"),
("Halloween2021","8187301806"),
("Christams2021","8187301812"),
("Christams2021","8187301813"),
("Halloween2021","8187301814"),
("Halloween2021","8187301815"),
("PurdueGame1234","8187301816"),
("Halloween2021","8187301823"),
("PurdueGame1234","8187301824"),
("Christams2021","8187301825"),
("EverydayPromo23","8187301826"),
("Thangsving2021","8187301882"),
("PurdueGame1234","8187301883"),
("PurdueGame1234","8187301884"),
("PurdueGame134","8187301885"),
("EOMsale","8187301886"),
("Fridaysale12","8187301932"),
("EOMsale","8187301933"),
("Halloween2021","2900000000000"),
("PurdueGame1234","2900000000000"),
("Christams2020","2900000000000"),
("PurdueGame1234","333"),
("PurdueGame1234","3333"),
("EverydayPromo23","9780000000000"),
("Fridaysale12","9780000000000"),
("Christams2020","9780000000000"),
("Halloween2021","9780000000000"),
("EOMsale","9780000000000"),
("Christams2021","9780000000000"),
("Thangsving2021","9780000000000"),
("PurdueGame134","9780000000000"),
("PurdueGame1234","9780000000000"),
("Christams2020","14"),
("EverydayPromo23","9990090836"),
("EverydayPromo23","72225210090"),
("EverydayPromo23","2"),
("PurdueGame134","302"),
("Fridaysale12","1"),
("Halloween2021","3522201001"),
("EverydayPromo23","68050595004"),
("Fridaysale12","68050595010"),
("Christams2020","68050595020"),
("Fridaysale12","22171"),
("EverydayPromo23","652010920"),
("EOMsale","61035211202"),
("Thangsving2021","67264929601"),
("PurdueGame1234","67264929605"),
("Christams2020","67264929610"),
("Halloween2021","67264929611"),
("Thangsving2021","85944000704"),
("PurdueGame134","85944000708"),
("Christams2021","86299800003"),
("PurdueGame1234","86299800005"),
("EverydayPromo23","86299800007"),
("EverydayPromo23","6932090993"),
("PurdueGame134","7166101202"),
("Fridaysale12","7301031409"),
("Thangsving2021","8241744001"),
("Thangsving2021","38137004754"),
("Christams2021","67811225418"),
("PurdueGame1234","651043431"),
("Christams2020","2429100900"),
("Christams2020","3373201192"),
("Christams2020","3600012323"),
("PurdueGame1234","4145701520"),
("PurdueGame1234","8531700794"),
("PurdueGame1234","38137003001"),
("PurdueGame134","60933221626"),
("Christams2021","65570812089"),
("EverydayPromo23","72295022452"),
("PurdueGame134","72295033698"),
("Christams2021","79285000916"),
("Christams2020","79285010999"),
("Thangsving2021","79285064857"),
("Thangsving2021","79285090074"),
("Christams2021","79285090093"),
("Thangsving2021","79285090114"),
("Fridaysale12","79285090912"),
("EOMsale","79285090919"),
("Fridaysale12","84885801211"),
("Halloween2021","785631102"),
("EOMsale","8307811314"),
("Fridaysale12","30041100808"),
("PurdueGame1234","65570801828"),
("EverydayPromo23","65570801903"),
("EverydayPromo23","65570801911"),
("EverydayPromo23","72295032846"),
("Christams2021","72295032924"),
("Halloween2021","72295032927"),
("Halloween2021","72295034078"),
("EOMsale","72295034136"),
("Christams2020","72295035172"),
("Halloween2021","72295035204"),
("Christams2021","72295035324"),
("Halloween2021","72295035341"),
("PurdueGame1234","72295035401"),
("Christams2020","81000619020"),
("PurdueGame134","81000619040"),
("PurdueGame1234","81000619047"),
("Fridaysale12","81000619169"),
("Christams2020","81000619171"),
("EOMsale","81000619355"),
("PurdueGame134","81000619357"),
("Fridaysale12","81000619363"),
("PurdueGame1234","81000619522"),
("Christams2021","81000619527"),
("EverydayPromo23","81000619626"),
("EverydayPromo23","81000619656"),
("PurdueGame134","81000619729"),
("EverydayPromo23","81000619784"),
("Christams2020","81676702026"),
("Fridaysale12","81676702253"),
("Thangsving2021","81676702355"),
("PurdueGame134","81719601287"),
("PurdueGame134","81719601524"),
("Halloween2021","81719601599"),
("Christams2020","80303010014"),
("PurdueGame1234","80303010015"),
("EverydayPromo23","80303010016"),
("Christams2020","1739600100"),
("Halloween2021","1739600202"),
("Christams2021","1739600403"),
("Christams2021","1739600510"),
("Fridaysale12","1739600700"),
("EverydayPromo23","1739601495"),
("EOMsale","842135211"),
("PurdueGame1234","842135306"),
("Halloween2021","842136501"),
("EOMsale","842136670"),
("Christams2020","842136673"),
("EverydayPromo23","842136677"),
("Halloween2021","842141261"),
("Halloween2021","842141263"),
("Thangsving2021","842142311"),
("Fridaysale12","842142406"),
("Christams2020","842142410"),
("PurdueGame1234","6581002938"),
("Fridaysale12","63871347196"),
("Halloween2021","66547551071"),
("Thangsving2021","66547551137"),
("Thangsving2021","66547551321"),
("PurdueGame134","66547551339"),
("PurdueGame134","66547552152"),
("PurdueGame1234","66547552312"),
("Halloween2021","76763621105"),
("Halloween2021","54040060439"),
("Halloween2021","642521212"),
("Thangsving2021","1261569785"),
("Thangsving2021","1261569809"),
("Fridaysale12","1261570354"),
("PurdueGame134","1261571505"),
("Thangsving2021","1261571914"),
("PurdueGame134","1261573152"),
("Halloween2021","1261573958"),
("Christams2020","1261573989"),
("EverydayPromo23","6581012758"),
("EverydayPromo23","7385400914"),
("Fridaysale12","8281501200"),
("PurdueGame134","8281508800"),
("EverydayPromo23","8281527320"),
("EverydayPromo23","8281580189"),
("Thangsving2021","9578714901"),
("EOMsale","60239403702"),
("PurdueGame134","61261504397"),
("EverydayPromo23","61261506534"),
("Christams2021","63871309452"),
("PurdueGame1234","63871342146"),
("PurdueGame1234","66547518095"),
("PurdueGame1234","66547518245"),
("PurdueGame1234","66547518264"),
("Halloween2021","66547519254"),
("Christams2020","66547519302"),
("Halloween2021","66547519312"),
("EOMsale","67264922891"),
("Christams2020","67264929507"),
("EOMsale","67264929665"),
("Christams2021","67264929742"),
("Fridaysale12","68396360634"),
("EOMsale","68396360684"),
("EOMsale","68396361164"),
("Fridaysale12","72295033704"),
("Halloween2021","75055700352"),
("PurdueGame134","81988702323"),
("EverydayPromo23","86406200010"),
("PurdueGame1234","97473065879"),
("PurdueGame134","81874701078"),
("Christams2021","81874701103"),
("EOMsale","81874701419"),
("EOMsale","82546612064"),
("PurdueGame134","88600360891"),
("PurdueGame134","88600361773"),
("Thangsving2021","88600365743"),
("Fridaysale12","88600371532"),
("Christams2020","88600371638"),
("Halloween2021","88600371989"),
("EverydayPromo23","88600374299"),
("EverydayPromo23","88600374675"),
("PurdueGame134","88600374734"),
("Christams2021","88600374735"),
("Christams2021","88600374773"),
("PurdueGame1234","88600374774"),
("Halloween2021","88600374775"),
("Thangsving2021","88600375319"),
("Fridaysale12","88600378957"),
("EverydayPromo23","88600379002"),
("Thangsving2021","88600379037"),
("Thangsving2021","88600380194"),
("Fridaysale12","88600380377"),
("EOMsale","88600380387"),
("Thangsving2021","88600380388"),
("Christams2020","88600380398"),
("PurdueGame1234","88600380400"),
("Christams2020","88600380407"),
("PurdueGame1234","88600380414"),
("PurdueGame134","88600380440"),
("Fridaysale12","88600380615"),
("EverydayPromo23","88600380695"),
("Christams2021","88600382321"),
("Christams2021","80303000101"),
("Christams2020","80303000102"),
("EOMsale","210"),
("Christams2020","120"),
("EOMsale","130"),
("PurdueGame1234","1200017319"),
("Halloween2021","5200032481"),
("EverydayPromo23","5200032866"),
("Christams2021","7084701247"),
("PurdueGame134","7550604202"),
("Thangsving2021","7550605040"),
("EOMsale","7550605060"),
("PurdueGame1234","8390000577"),
("Halloween2021","71941080001"),
("EOMsale","80406600043"),
("Fridaysale12","229730"),
("EOMsale","980080005"),
("Christams2021","1708289041"),
("Thangsving2021","2840000997"),
("Halloween2021","2840001043"),
("PurdueGame134","2840001254"),
("EOMsale","2840001255"),
("Christams2020","2840003979"),
("Christams2020","2840004348"),
("Christams2021","2840004790"),
("Thangsving2021","2840004793"),
("PurdueGame1234","2840004802"),
("Christams2020","2840005945"),
("Fridaysale12","2840007054"),
("Christams2021","2840007056"),
("Fridaysale12","2840007188"),
("EverydayPromo23","2840007189"),
("Christams2021","2840007326"),
("Christams2021","2840008278"),
("Christams2020","2840009156"),
("Christams2020","2900007535"),
("Fridaysale12","2900007538"),
("PurdueGame134","3000002912"),
("PurdueGame1234","3010012515"),
("Christams2021","3010012518"),
("PurdueGame134","3800084551"),
("PurdueGame134","3904700146"),
("Christams2021","4245605113"),
("PurdueGame134","4400004700"),
("PurdueGame134","7203001384"),
("PurdueGame1234","7232070006"),
("Christams2020","7314115004"),
("Christams2021","7314115304"),
("EOMsale","7314115315"),
("Christams2021","40180777972"),
("EOMsale","59051875001"),
("EOMsale","72225210120"),
("EOMsale","89757400040"),
("EOMsale","404320"),
("Fridaysale12","80052760"),
("PurdueGame1234","1070006080"),
("Fridaysale12","1070080722"),
("Thangsving2021","1254601109"),
("Christams2021","1254601144"),
("EverydayPromo23","1254601147"),
("EOMsale","1708287745"),
("Fridaysale12","191030"),
("EOMsale","192210"),
("Thangsving2021","221780"),
("PurdueGame134","224340"),
("EverydayPromo23","224360"),
("PurdueGame1234","224840"),
("Halloween2021","224860"),
("Christams2020","224880"),
("Christams2020","340050"),
("EverydayPromo23","340310"),
("Thangsving2021","342400"),
("PurdueGame134","342410"),
("Christams2020","342440"),
("PurdueGame134","342460"),
("EverydayPromo23","344400"),
("Christams2020","4000042206"),
("EverydayPromo23","4000042208"),
("EOMsale","4000042431"),
("Christams2021","400310"),
("Christams2021","4003207"),
("Halloween2021","404350"),
("EOMsale","4223830221"),
("EverydayPromo23","4223831221"),
("PurdueGame134","4223836909"),
("Halloween2021","4223837703"),
("Christams2020","4223838226"),
("Fridaysale12","4223847255"),
("Christams2021","4223870523"),
("Thangsving2021","4223872214"),
("EOMsale","4223872302"),
("Fridaysale12","5025502800"),
("EverydayPromo23","5025504810"),
("EOMsale","5025529800"),
("PurdueGame1234","7022101111"),
("PurdueGame1234","7172053015"),
("PurdueGame134","7232070004"),
("Halloween2021","7232070100"),
("EOMsale","9990010087"),
("EverydayPromo23","60877550100"),
("Halloween2021","71627005134"),
("Christams2020","71627005155"),
("Christams2020","73402790502"),
("Fridaysale12","81404201351"),
("Thangsving2021","81404201511"),
("Halloween2021","81952900766"),
("Fridaysale12","85446400617"),
("PurdueGame134","85446400633"),
("PurdueGame134","85446400675"),
("EOMsale","61500001008"),
("Thangsving2021","64201630090"),
("EverydayPromo23","64201630290"),
("Fridaysale12","64201630580"),
("Christams2021","75208011222"),
("PurdueGame134","75712043221"),
("Christams2020","18904333301"),
("Halloween2021","3733212808"),
("Christams2020","75712022601"),
("EverydayPromo23","69331944025"),
("Christams2020","69331944077"),
("PurdueGame134","69331944087"),
("Christams2021","69331944088"),
("Halloween2021","69331944103"),
("Christams2020","69331944104"),
("PurdueGame1234","69331944105"),
("Fridaysale12","70110749274"),
("Thangsving2021","75830216688"),
("Christams2021","84297813040"),
("Thangsving2021","85037700675"),
("Christams2021","85037700677"),
("Thangsving2021","85037700686"),
("Thangsving2021","61500000130"),
("PurdueGame134","3331702999"),
("Fridaysale12","3331719212"),
("Fridaysale12","3331719872"),
("EverydayPromo23","3331720366"),
("PurdueGame1234","3331720844"),
("Halloween2021","63927778406"),
("EverydayPromo23","3331707178"),
("PurdueGame134","7400001620"),
("Christams2020","7400001939"),
("Halloween2021","4133310310"),
("Christams2020","4133311601"),
("Christams2020","4133313009"),
("Halloween2021","4133317064"),
("PurdueGame1234","4133321501"),
("Christams2020","4133322401"),
("Christams2021","4133341501"),
("Christams2020","4133342401"),
("EOMsale","4133366287"),
("PurdueGame134","8006840621"),
("Halloween2021","8006840622"),
("Halloween2021","9785504687"),
("EverydayPromo23","71294901113"),
("EverydayPromo23","71294901197"),
("Christams2021","75830216021"),
("EOMsale","75830216026"),
("Fridaysale12","85072200332"),
("PurdueGame134","87861507591"),
("EverydayPromo23","87861509138"),
("Christams2021","87861509139"),
("Christams2021","87861509752"),
("PurdueGame1234","88537043020"),
("PurdueGame1234","88830450973"),
("PurdueGame1234","920069554"),
("Christams2020","920070036"),
("Christams2021","920071438"),
("Fridaysale12","920075067"),
("PurdueGame1234","920083225"),
("Fridaysale12","920083287"),
("PurdueGame134","920083304"),
("Thangsving2021","920083341"),
("Fridaysale12","920083568"),
("Thangsving2021","920083639"),
("Christams2021","920084321"),
("EverydayPromo23","6080000000000"),
("PurdueGame134","76379558005"),
("EverydayPromo23","76379558626"),
("Christams2021","76379560171"),
("Halloween2021","76379560325"),
("Fridaysale12","76379571678"),
("EOMsale","2394297086"),
("PurdueGame134","2394297087"),
("Fridaysale12","2394297088"),
("EverydayPromo23","73196910158"),
("Halloween2021","73196910166"),
("Halloween2021","73196920137"),
("Thangsving2021","73196940132"),
("PurdueGame1234","73196955874"),
("EOMsale","73196955885"),
("Halloween2021","81553001088"),
("EOMsale","9014600577"),
("PurdueGame1234","88358582972"),
("Fridaysale12","88496298361"),
("Christams2021","3733219015"),
("Christams2021","75712027005"),
("Fridaysale12","78375000399"),
("Christams2020","66277402562"),
("EOMsale","88537072694"),
("Halloween2021","2800000000000"),
("PurdueGame134","2800000000000"),
("EOMsale","2800000000000"),
("Thangsving2021","2800000000000"),
("Christams2020","2800000000000"),
("Fridaysale12","2800000000000"),
("Christams2021","2800000000000"),
("Christams2021","7033050523"),
("PurdueGame134","8351487020"),
("PurdueGame134","2120001022"),
("EverydayPromo23","2120001023"),
("PurdueGame134","2120001030"),
("Fridaysale12","2120001032"),
("Christams2021","2120007378"),
("Thangsving2021","2120072441"),
("PurdueGame134","2120083433"),
("EOMsale","2120083435"),
("PurdueGame134","5113157203"),
("Halloween2021","5113160210"),
("Fridaysale12","5113164204"),
("PurdueGame1234","5113164205"),
("PurdueGame134","5113165141"),
("PurdueGame134","5113165988"),
("PurdueGame134","5113170534"),
("Fridaysale12","83765416386"),
("Christams2020","2648782000"),
("PurdueGame134","2648790013"),
("EOMsale","7471179141"),
("Christams2021","7791400709"),
("EverydayPromo23","7791400712"),
("EOMsale","7994673011"),
("EverydayPromo23","4310006184"),
("PurdueGame134","4310006206"),
("Christams2020","4310006208"),
("Christams2020","4310006210"),
("Christams2021","4310043082"),
("Fridaysale12","4310045354"),
("Thangsving2021","4310045388"),
("Halloween2021","7097211186"),
("Halloween2021","7097211209"),
("EOMsale","7097213503"),
("Thangsving2021","7097214010"),
("EverydayPromo23","7097214019"),
("PurdueGame1234","7097232098"),
("PurdueGame134","7097232295"),
("EverydayPromo23","7097232384"),
("Christams2020","4310011255"),
("Christams2021","3894405017"),
("EverydayPromo23","3894462013"),
("EverydayPromo23","3894462018"),
("Fridaysale12","3894462037"),
("Fridaysale12","3894462038"),
("EOMsale","3894462039"),
("Christams2020","3894462040"),
("EOMsale","3190193960"),
("Fridaysale12","8528813080"),
("Christams2021","8528813380"),
("PurdueGame134","8528815701"),
("Halloween2021","8528819060"),
("Halloween2021","8528819270"),
("Christams2021","8528819502"),
("Christams2020","8528819530"),
("Christams2021","8528819550"),
("EverydayPromo23","8528819560"),
("Thangsving2021","8750810909"),
("PurdueGame134","8528819180"),
("Thangsving2021","3894432551"),
("Thangsving2021","7878758806"),
("Fridaysale12","61652822003"),
("Thangsving2021","61652822141"),
("PurdueGame1234","61652823018"),
("PurdueGame134","2120000326"),
("Christams2021","2120015577"),
("EOMsale","2120046855"),
("PurdueGame134","2120050787"),
("Halloween2021","2120059018"),
("Christams2021","2120059026"),
("Christams2021","2120071863"),
("PurdueGame134","5113197411"),
("PurdueGame1234","5114134688"),
("Fridaysale12","5113156875"),
("EOMsale","2861743010"),
("EOMsale","2861743030"),
("EOMsale","2861743090"),
("EOMsale","2861743105"),
("Christams2020","2861743109"),
("PurdueGame134","2861743150"),
("Fridaysale12","2861743280"),
("Thangsving2021","2861743290"),
("EverydayPromo23","2861743730"),
("Christams2021","2861743750"),
("PurdueGame1234","2861743760"),
("EOMsale","4154093334"),
("Fridaysale12","4588822160"),
("Fridaysale12","4588822210"),
("Thangsving2021","4588822220"),
("PurdueGame1234","4588846160"),
("Halloween2021","4588846180"),
("Christams2021","4588846810"),
("Thangsving2021","4588846820"),
("Halloween2021","4588846830"),
("Thangsving2021","4588846840"),
("Christams2021","4588846870"),
("EverydayPromo23","4588846930"),
("PurdueGame1234","4588846940"),
("PurdueGame1234","7033013728"),
("Christams2021","7033013938"),
("EOMsale","7033014367"),
("EOMsale","7033014457"),
("EverydayPromo23","7033019228"),
("EverydayPromo23","7033020123"),
("Christams2021","7033036191"),
("Thangsving2021","7033068271"),
("EverydayPromo23","7053060106"),
("EOMsale","7164100045"),
("Fridaysale12","7164100046"),
("Christams2021","7164110085"),
("PurdueGame1234","7164110087"),
("Fridaysale12","7164110089"),
("EverydayPromo23","7164110090"),
("EverydayPromo23","7164110096"),
("PurdueGame1234","7283811020"),
("PurdueGame1234","7283811021"),
("EverydayPromo23","7283811022"),
("Christams2021","7283811076"),
("Fridaysale12","7283811088"),
("Christams2020","7283811091"),
("EverydayPromo23","7283811097"),
("EverydayPromo23","7283811100"),
("EverydayPromo23","7283811103"),
("Fridaysale12","7283811106"),
("PurdueGame1234","7283811115"),
("Halloween2021","7283826069"),
("EverydayPromo23","7283831023"),
("PurdueGame134","7283831026"),
("Fridaysale12","7283831031"),
("Christams2020","7283831032"),
("Halloween2021","7283831057"),
("EverydayPromo23","7283831103"),
("EOMsale","7283831104"),
("Thangsving2021","7283831105"),
("Christams2021","7283831116"),
("EverydayPromo23","7283831118"),
("Fridaysale12","7283831128"),
("PurdueGame1234","7283831170"),
("PurdueGame1234","7283831174"),
("PurdueGame134","7283831176"),
("EOMsale","7283831177"),
("PurdueGame1234","7283831474"),
("Fridaysale12","7283831475"),
("Thangsving2021","7283831476"),
("Christams2021","7283831481"),
("Christams2021","7283831482"),
("Christams2021","7283831553"),
("EOMsale","7283831586"),
("Halloween2021","7283831587"),
("EverydayPromo23","7283831588"),
("Halloween2021","7283832001"),
("Fridaysale12","7283832002"),
("PurdueGame134","7283832010"),
("EverydayPromo23","7283832011"),
("Thangsving2021","7283832222"),
("Thangsving2021","7283832255"),
("PurdueGame1234","7283832520"),
("Fridaysale12","7283832521"),
("PurdueGame1234","7283832523"),
("PurdueGame134","7283832525"),
("PurdueGame134","7283835328"),
("Fridaysale12","7283835349"),
("EOMsale","7283835352"),
("Thangsving2021","7283835395"),
("PurdueGame134","7283835396"),
("EverydayPromo23","7283835455"),
("Halloween2021","7283835457"),
("Fridaysale12","7283835459"),
("Fridaysale12","7283835462"),
("Fridaysale12","7283835495"),
("Christams2020","7283835497"),
("Christams2020","7283835498"),
("EOMsale","7283835499"),
("Christams2020","7283835550"),
("PurdueGame134","7283835551"),
("Halloween2021","7283835552"),
("EverydayPromo23","7283835554"),
("Fridaysale12","7283835580"),
("Thangsving2021","7283835581"),
("PurdueGame1234","7283890037"),
("PurdueGame1234","7283890065"),
("PurdueGame134","7283890066"),
("EverydayPromo23","7404000541"),
("Thangsving2021","7283813977"),
("Fridaysale12","7283813980"),
("PurdueGame134","7283835389"),
("Halloween2021","7283835390"),
("Christams2021","7283835392"),
("Halloween2021","7283835393"),
("Fridaysale12","7283835566"),
("PurdueGame1234","3190194064"),
("EverydayPromo23","7033040675"),
("Halloween2021","7033041170"),
("Halloween2021","7033041713"),
("PurdueGame134","7033042602"),
("PurdueGame1234","7033042603"),
("EverydayPromo23","7033043039"),
("EOMsale","7033043146"),
("EOMsale","7033043330"),
("Halloween2021","7033090576"),
("PurdueGame1234","7033091187"),
("Thangsving2021","7033091188"),
("Halloween2021","7073502254"),
("Fridaysale12","7164110063"),
("PurdueGame134","7251200542"),
("EverydayPromo23","7251200543"),
("Halloween2021","7251200550"),
("EverydayPromo23","7251200555"),
("PurdueGame1234","7251209236"),
("EverydayPromo23","7251209950"),
("EverydayPromo23","7251209953"),
("Fridaysale12","7251209959"),
("Christams2020","7251209962"),
("EverydayPromo23","7251209968"),
("Thangsving2021","7251212750"),
("Thangsving2021","7251215054"),
("Fridaysale12","7251215060"),
("PurdueGame1234","7251218534"),
("Fridaysale12","7251218537"),
("Christams2021","7251218540"),
("Thangsving2021","7251218543"),
("EOMsale","7251219806"),
("Christams2020","7251219812"),
("Halloween2021","7251222868"),
("EOMsale","7251223365"),
("Halloween2021","7251223371"),
("PurdueGame1234","7251223377"),
("EOMsale","7251223383"),
("Fridaysale12","7251223389"),
("Halloween2021","7251223392"),
("Christams2020","7251223425"),
("EverydayPromo23","7251223426"),
("PurdueGame1234","7251223427"),
("Christams2020","7251225012"),
("Thangsving2021","7251225015"),
("Fridaysale12","7251225445"),
("Christams2020","7251225451"),
("PurdueGame134","7251226170"),
("Fridaysale12","7251226173"),
("PurdueGame1234","7251250017"),
("EOMsale","7251253450"),
("Fridaysale12","7251253470"),
("EverydayPromo23","7251262051"),
("EverydayPromo23","7251262073"),
("Fridaysale12","63927704646"),
("PurdueGame134","63927740333"),
("PurdueGame134","7251200706"),
("EOMsale","7251200708"),
("Halloween2021","7251200734"),
("EverydayPromo23","7251200735"),
("Halloween2021","7251200736"),
("Christams2021","7251200737"),
("Halloween2021","7251200738"),
("EOMsale","7251200741"),
("Halloween2021","7251200768"),
("EOMsale","7251200770"),
("Christams2021","7251200771"),
("PurdueGame134","7251200792"),
("PurdueGame134","7251200798"),
("EverydayPromo23","7251203086"),
("Thangsving2021","7251205957"),
("Fridaysale12","7251207703"),
("Christams2020","7251207706"),
("EOMsale","7251270151"),
("Christams2020","7283877240"),
("EOMsale","7322808920"),
("EverydayPromo23","7322808921"),
("Thangsving2021","3500000000000"),
("EOMsale","2593275011"),
("EverydayPromo23","4310059134"),
("Fridaysale12","7097217020"),
("EverydayPromo23","7097274754"),
("EOMsale","7097274764"),
("EverydayPromo23","7097277512"),
("Christams2021","7097277517"),
("Halloween2021","1272254813"),
("PurdueGame1234","1272254814"),
("EverydayPromo23","5036210000"),
("PurdueGame1234","5036270010"),
("PurdueGame1234","5036271540"),
("PurdueGame1234","5036271650"),
("Thangsving2021","76416814486"),
("PurdueGame1234","2648780901"),
("Christams2021","7033050604"),
("Thangsving2021","2120037524"),
("PurdueGame1234","7164105490"),
("Halloween2021","7164115033"),
("PurdueGame1234","7164115101"),
("Christams2020","7164116074"),
("Fridaysale12","7164130035"),
("Christams2021","7164130036"),
("PurdueGame1234","7164130037"),
("Thangsving2021","7164130038"),
("EOMsale","7164130051"),
("Fridaysale12","7164130162"),
("Fridaysale12","7164130653"),
("PurdueGame134","7164132201"),
("PurdueGame134","7164132202"),
("Christams2021","7164137114"),
("Thangsving2021","81049702582"),
("PurdueGame134","81049702583"),
("EverydayPromo23","81049702592"),
("PurdueGame134","88883000901"),
("Christams2021","88883002367"),
("Halloween2021","88883003471"),
("EOMsale","88883003472"),
("Christams2021","88883003669"),
("Fridaysale12","88883004357"),
("PurdueGame1234","88883006533"),
("Thangsving2021","88883006536"),
("EverydayPromo23","2512400525"),
("Halloween2021","2512400535"),
("Fridaysale12","2512400555"),
("Fridaysale12","2512401013"),
("EOMsale","2512401828"),
("Christams2021","2512430521"),
("EOMsale","2512430530"),
("Christams2020","3208502303"),
("EOMsale","3208516075"),
("EOMsale","19416627580"),
("PurdueGame134","19416634684"),
("Thangsving2021","6810100001"),
("PurdueGame134","6810100005"),
("Thangsving2021","6810100006"),
("Christams2020","6810100007"),
("Christams2020","6810100011"),
("PurdueGame134","6810100025"),
("PurdueGame1234","6810100027"),
("Christams2021","6810100028"),
("EOMsale","6810100029"),
("Halloween2021","6810100030"),
("EOMsale","6810101003"),
("Christams2021","6810101016"),
("Christams2020","460775004"),
("Thangsving2021","1941660072"),
("EOMsale","3208505001"),
("PurdueGame134","3208505003"),
("Christams2020","3208505004"),
("EOMsale","3208505005"),
("PurdueGame134","3208505006"),
("EOMsale","3208505007"),
("EOMsale","3208505008"),
("Christams2021","3208520749"),
("EOMsale","3208524789"),
("Fridaysale12","3208555692"),
("EverydayPromo23","3208577775"),
("Christams2021","3634500001"),
("PurdueGame134","3634500002"),
("PurdueGame134","3634500004"),
("Thangsving2021","3634500005"),
("PurdueGame134","3634500006"),
("Thangsving2021","3634500008"),
("Christams2021","3634500009"),
("Fridaysale12","3634500014"),
("Halloween2021","3634500016"),
("Fridaysale12","3634500018"),
("Christams2021","3634500025"),
("EverydayPromo23","3634500026"),
("Thangsving2021","3634500035"),
("Christams2021","3634500048"),
("Fridaysale12","3634500050"),
("Fridaysale12","3634500052"),
("PurdueGame134","3634500053"),
("Christams2020","3634500055"),
("Thangsving2021","3634500063"),
("Fridaysale12","3634500064"),
("EverydayPromo23","3634500065"),
("PurdueGame134","3634500066"),
("Thangsving2021","4607705000"),
("EOMsale","19416604112"),
("EOMsale","19416608049"),
("EverydayPromo23","19416622244"),
("PurdueGame134","19416622245"),
("Halloween2021","19416640469"),
("Christams2021","19416640472"),
("Halloween2021","19416640473"),
("Thangsving2021","19416640475"),
("EOMsale","19427016007"),
("Thangsving2021","19427016009"),
("PurdueGame134","19427016010"),
("EverydayPromo23","19427044619"),
("Halloween2021","8187300021"),
("Christams2021","5012211006"),
("Halloween2021","5036211599"),
("Fridaysale12","19536981267"),
("EOMsale","19536981268"),
("PurdueGame1234","19536981269"),
("Christams2021","19536981270"),
("Christams2021","30"),
("Thangsving2021","72047381767"),
("Halloween2021","76379558619"),
("EverydayPromo23","76379559958"),
("PurdueGame134","81002884244"),
("PurdueGame134","8187301935"),
("Fridaysale12","8187301992"),
("Halloween2021","8187301993"),
("Fridaysale12","8187301994"),
("Christams2020","8187301995"),
("Fridaysale12","8187301996"),
("Thangsving2021","8187301997"),
("Christams2020","8187307013"),
("Fridaysale12","8187307014"),
("PurdueGame134","8187307015"),
("Halloween2021","8187307016"),
("PurdueGame1234","19495614042"),
("EverydayPromo23","19495614043"),
("PurdueGame134","19495657889"),
("Christams2020","19523725846"),
("Christams2021","19523725847"),
("Thangsving2021","19523725848"),
("Thangsving2021","19523725850"),
("EverydayPromo23","19523725852"),
("Thangsving2021","19523725854"),
("EOMsale","19523919384"),
("PurdueGame134","19524291786"),
("EOMsale","19524291787"),
("PurdueGame134","19524291788"),
("EverydayPromo23","19524291789"),
("EOMsale","19524291790"),
("Halloween2021","19524291791"),
("Christams2021","19524302853"),
("PurdueGame1234","19524302854"),
("PurdueGame1234","19524302855"),
("PurdueGame1234","19524302856"),
("Christams2021","19524302858"),
("Fridaysale12","4607701914"),
("Fridaysale12","4607701915"),
("Christams2021","4607701916"),
("Christams2021","88449932082"),
("PurdueGame134","1566950732"),
("PurdueGame134","1566950733"),
("Fridaysale12","1566950734"),
("Fridaysale12","1573310091"),
("Halloween2021","1573310092"),
("Fridaysale12","1573310093"),
("Halloween2021","1573310094"),
("EverydayPromo23","1573310095"),
("Christams2021","1573310152"),
("Christams2020","1573310156"),
("Christams2020","1573310241"),
("Halloween2021","1573310242"),
("Thangsving2021","1573310245"),
("Christams2020","1573310282"),
("Fridaysale12","1573310283"),
("EOMsale","1573310284"),
("PurdueGame134","1573310285"),
("Thangsving2021","1573310291"),
("Fridaysale12","1573310292"),
("EverydayPromo23","1573310296"),
("PurdueGame1234","1573310341"),
("EverydayPromo23","1573310342"),
("Christams2020","1573310343"),
("EverydayPromo23","1573310344"),
("Halloween2021","1573310345"),
("Thangsving2021","1573310346"),
("PurdueGame1234","1573311711"),
("Thangsving2021","1573311716"),
("Halloween2021","1573311741"),
("Christams2020","1573311742"),
("Halloween2021","1573311743"),
("Thangsving2021","1573311746"),
("PurdueGame1234","1573311961"),
("Christams2020","1573311962"),
("Thangsving2021","1573311963"),
("Halloween2021","1573311964"),
("PurdueGame134","1573311965"),
("Fridaysale12","2808310102"),
("Christams2021","2808310103"),
("EverydayPromo23","2808310104"),
("PurdueGame1234","2808310105"),
("Halloween2021","3204510012"),
("EverydayPromo23","3204510013"),
("Christams2021","3204510014"),
("Thangsving2021","3204510015"),
("PurdueGame1234","3204510033"),
("PurdueGame1234","3204510034"),
("Fridaysale12","3204510035"),
("EverydayPromo23","3204510036"),
("Halloween2021","3204510045"),
("Christams2020","3204510046"),
("PurdueGame1234","3204510083"),
("Christams2020","3204510084"),
("Halloween2021","5555502136"),
("Christams2020","5555502192"),
("Halloween2021","5555502193"),
("Christams2021","5555502194"),
("Christams2020","5555502195"),
("Christams2021","5555511182"),
("Thangsving2021","5555511183"),
("EverydayPromo23","5555511184"),
("Christams2021","5555511185"),
("PurdueGame1234","5555511186"),
("PurdueGame1234","5555511192"),
("Christams2021","5555511193"),
("PurdueGame134","5555511194"),
("EOMsale","5555511195"),
("Thangsving2021","5555511196"),
("Fridaysale12","5555511202"),
("PurdueGame134","5555511203"),
("PurdueGame1234","5555511204"),
("PurdueGame1234","5555511205"),
("PurdueGame1234","5555511206"),
("Christams2020","5555511742"),
("Thangsving2021","5555511743"),
("PurdueGame1234","5555511744"),
("EverydayPromo23","5555511745"),
("Christams2021","5555511746"),
("Thangsving2021","6051411941"),
("Christams2020","6051411942"),
("Christams2021","6051411943"),
("Halloween2021","6051411944"),
("Halloween2021","6051411945"),
("Christams2020","6051411946"),
("Christams2020","6621910102"),
("Halloween2021","6621910103"),
("Fridaysale12","8187310014"),
("Halloween2021","8187310016"),
("PurdueGame134","8187310142"),
("Halloween2021","8187310143"),
("PurdueGame1234","8187310144"),
("Thangsving2021","8187310145"),
("EOMsale","8187310146"),
("Christams2021","8187310152"),
("Thangsving2021","8187310153"),
("Fridaysale12","8187310154"),
("Christams2021","8187310155"),
("Fridaysale12","8187310156"),
("Thangsving2021","8187310162"),
("Christams2020","8187310163"),
("Christams2020","8187310164"),
("PurdueGame134","8187310165"),
("Christams2021","8187310166"),
("Christams2020","8187310262"),
("EverydayPromo23","8187310263"),
("PurdueGame1234","8187310264"),
("Fridaysale12","8187310265"),
("Christams2020","8187310266"),
("PurdueGame1234","8187310272"),
("Halloween2021","8187310273"),
("Thangsving2021","8187310274"),
("Thangsving2021","8187310275"),
("EverydayPromo23","8187310276"),
("EOMsale","8187310282"),
("Halloween2021","8187310295"),
("EverydayPromo23","8187310302"),
("Christams2020","8187310312"),
("Halloween2021","8187310322"),
("EOMsale","8187310323"),
("PurdueGame134","8187310324"),
("Christams2020","8187310325"),
("Fridaysale12","8187310326"),
("EverydayPromo23","8187310332"),
("Fridaysale12","8187310333"),
("PurdueGame1234","8187310334"),
("Halloween2021","8187310335"),
("EOMsale","8187310336"),
("EOMsale","15669507351"),
("EverydayPromo23","15669507352"),
("EOMsale","15669507353"),
("Christams2021","1573310482"),
("EOMsale","1573310483"),
("Thangsving2021","1573310484"),
("EOMsale","1573310485"),
("PurdueGame1234","1573310486"),
("Christams2021","1573310592"),
("PurdueGame134","1573310593"),
("PurdueGame134","1573310594"),
("PurdueGame1234","1573310641"),
("PurdueGame134","1573310642"),
("Fridaysale12","1573310643"),
("PurdueGame1234","1573310644"),
("Fridaysale12","1573310645"),
("Thangsving2021","1573310646"),
("Fridaysale12","1573310722"),
("Christams2020","1573310725"),
("EverydayPromo23","1573310726"),
("EverydayPromo23","1573313012"),
("Fridaysale12","1573313013"),
("PurdueGame134","1573313014"),
("EOMsale","1573313015"),
("EverydayPromo23","1573313016"),
("EOMsale","1573313025"),
("Fridaysale12","1573313026"),
("EOMsale","1573313034"),
("EOMsale","1573313035"),
("PurdueGame134","1573313036"),
("Thangsving2021","1573313043"),
("PurdueGame1234","1573313044"),
("Halloween2021","1573313045"),
("PurdueGame134","1573313046"),
("Christams2021","1573313122"),
("EOMsale","1573313123"),
("PurdueGame1234","1573313124"),
("PurdueGame134","1573320051"),
("EverydayPromo23","1573320056"),
("Christams2020","19380401532"),
("EverydayPromo23","19475275489"),
("Christams2020","19475275490"),
("Halloween2021","19475275491"),
("Christams2021","19475275492"),
("Halloween2021","19475275493"),
("Halloween2021","19523815618"),
("PurdueGame134","19536926320"),
("Christams2020","19536926321"),
("Fridaysale12","19536926322"),
("Thangsving2021","19536926323"),
("Fridaysale12","19536936015"),
("Thangsving2021","19536943474"),
("PurdueGame1234","19536943477"),
("Thangsving2021","19536998733"),
("EverydayPromo23","19536998734"),
("EverydayPromo23","19536998735"),
("PurdueGame1234","19536998736"),
("Thangsving2021","19536998737"),
("PurdueGame134","19536998738"),
("Halloween2021","6051410012"),
("Christams2020","6051410013"),
("Christams2021","6051410014"),
("Fridaysale12","6051410015"),
("EverydayPromo23","6051410016"),
("Fridaysale12","6051410022"),
("Fridaysale12","6051410023"),
("Fridaysale12","6051410025"),
("Fridaysale12","6051410026"),
("Halloween2021","6051413061"),
("EverydayPromo23","6051413062"),
("Thangsving2021","6051413063"),
("PurdueGame134","6051413064"),
("Halloween2021","6051413065"),
("Christams2020","6051413066"),
("PurdueGame1234","6051510024"),
("Thangsving2021","64182435747"),
("Thangsving2021","64182435748"),
("Thangsving2021","64182435749"),
("PurdueGame134","64182435750"),
("EverydayPromo23","75058276152"),
("EOMsale","75058276153"),
("Fridaysale12","79185456021"),
("Christams2020","79185456022"),
("Christams2021","79185456023"),
("Christams2020","79185456024"),
("PurdueGame134","88584630893"),
("Halloween2021","88584630894"),
("Halloween2021","88584630895"),
("Fridaysale12","88584630896"),
("Halloween2021","88584630897"),
("PurdueGame134","88910134223"),
("Christams2020","88910144385"),
("Christams2021","88910144386"),
("PurdueGame134","88910144387"),
("PurdueGame1234","88910144388"),
("Halloween2021","88910153230"),
("PurdueGame1234","88910154508"),
("Halloween2021","88910154509"),
("Christams2020","88910154510"),
("Halloween2021","88910154511"),
("Christams2020","88910154512"),
("EOMsale","1573303602"),
("PurdueGame134","1573303604"),
("EverydayPromo23","1573303605"),
("Thangsving2021","1573303691"),
("PurdueGame1234","1573303692"),
("Christams2020","1573303693"),
("Fridaysale12","1573303694"),
("Christams2020","1573303695"),
("Thangsving2021","1573303696"),
("Halloween2021","1573303701"),
("EOMsale","1573303702"),
("Halloween2021","1573303704"),
("Fridaysale12","1573303705"),
("Thangsving2021","1573303706"),
("Fridaysale12","1573303752"),
("PurdueGame1234","1573303753"),
("Christams2021","1573303754"),
("PurdueGame134","1573303755"),
("Thangsving2021","1573303756"),
("EOMsale","19013635676"),
("EOMsale","19013635695"),
("EOMsale","4607702763"),
("PurdueGame1234","64182435673"),
("Fridaysale12","64182435674"),
("Thangsving2021","64182435694"),
("Christams2021","64182435695"),
("EOMsale","64182435696"),
("PurdueGame1234","6621903005"),
("Thangsving2021","6621903006"),
("Christams2021","6004401011"),
("PurdueGame134","6004401012"),
("PurdueGame134","19349535062"),
("Fridaysale12","19349564490"),
("EOMsale","19349564491"),
("Thangsving2021","19369428821"),
("Christams2020","19430590645"),
("Thangsving2021","19430590646"),
("Christams2020","19430590647"),
("Fridaysale12","19430590648"),
("Halloween2021","19430590649"),
("PurdueGame1234","65702600527"),
("PurdueGame1234","65702600528"),
("Christams2021","65702600529"),
("Christams2020","65702600530"),
("Christams2020","65702600531"),
("EverydayPromo23","1573302014"),
("EverydayPromo23","19315201993"),
("Christams2021","19536928291"),
("PurdueGame134","19536928292"),
("Christams2021","19536928293"),
("Christams2020","19536928294"),
("Christams2021","19536928295"),
("EOMsale","19536970088"),
("Christams2021","19536970089"),
("Halloween2021","19536970090"),
("Halloween2021","89911127711"),
("PurdueGame134","89911127712"),
("Christams2020","19250185439"),
("Christams2021","19250207650"),
("Christams2021","19298117966"),
("Fridaysale12","19475512536"),
("Christams2020","19523820049"),
("EOMsale","19523820054"),
("Fridaysale12","19536969523"),
("EOMsale","19536969524"),
("EOMsale","19536969525"),
("Christams2021","19536969526"),
("Thangsving2021","19536969527"),
("Thangsving2021","19536972413"),
("PurdueGame134","19536972415"),
("PurdueGame134","19536972416"),
("Halloween2021","19536972417"),
("EverydayPromo23","84158305221"),
("Christams2020","84158305271"),
("PurdueGame1234","84158305274"),
("PurdueGame134","84158305275"),
("Christams2020","84919507005"),
("Christams2020","1573305172"),
("Thangsving2021","1573305173"),
("EOMsale","1573305183"),
("EOMsale","1573305184"),
("EverydayPromo23","1573305185"),
("PurdueGame1234","1573305186"),
("EverydayPromo23","19229092400"),
("PurdueGame134","19229092401"),
("EOMsale","19229092402"),
("EverydayPromo23","19266014999"),
("EOMsale","19266015000"),
("Fridaysale12","19266015001"),
("Thangsving2021","19266015003"),
("Fridaysale12","19400443711"),
("Christams2020","19400443712"),
("Christams2020","19400443714"),
("Thangsving2021","19400443715"),
("Halloween2021","19400443716"),
("Fridaysale12","19400453693"),
("Christams2020","19400453694"),
("EverydayPromo23","19400453695"),
("Thangsving2021","19400453696"),
("Halloween2021","19400453697"),
("Fridaysale12","19536931281"),
("Fridaysale12","19536931282"),
("Fridaysale12","19536931283"),
("Fridaysale12","19536931284"),
("Christams2021","19536931285"),
("PurdueGame134","4607701642"),
("EOMsale","4607701643"),
("PurdueGame1234","4607701644"),
("EverydayPromo23","4607701645"),
("Christams2020","4607701646"),
("PurdueGame1234","4607702852"),
("Fridaysale12","8187301022"),
("PurdueGame1234","8187301023"),
("Christams2020","8187301024"),
("EverydayPromo23","8187301025"),
("Thangsving2021","8187301026"),
("Christams2021","8187301062"),
("Christams2020","8187301063"),
("Thangsving2021","8187301064"),
("Christams2021","8187301065"),
("PurdueGame134","8187301066"),
("Fridaysale12","8187301072"),
("Fridaysale12","8187301073"),
("Halloween2021","8187301074"),
("EverydayPromo23","8187301075"),
("Thangsving2021","8187301076"),
("Halloween2021","8187301082"),
("Halloween2021","8187301083"),
("EverydayPromo23","8187301084"),
("EverydayPromo23","8187301085"),
("Halloween2021","8187301086"),
("EOMsale","8187301092"),
("PurdueGame1234","8187301093"),
("EOMsale","8187301094"),
("PurdueGame1234","8187301095"),
("Halloween2021","8187301096"),
("Fridaysale12","1573301802"),
("Christams2020","1573310612"),
("Christams2020","1573310613"),
("Christams2021","1573310614"),
("Fridaysale12","1573310615"),
("EverydayPromo23","19365916442"),
("Christams2020","19365916443"),
("EverydayPromo23","19365916445"),
("PurdueGame1234","19365916446"),
("Christams2020","19523721835"),
("Christams2020","19523724457"),
("PurdueGame1234","19523724459"),
("Christams2021","19523724461"),
("Christams2020","19523724468"),
("Christams2021","19523724469"),
("PurdueGame1234","19523724470"),
("Halloween2021","19523724472"),
("Christams2021","19523724474"),
("Fridaysale12","19523724476"),
("PurdueGame134","19524078954"),
("EverydayPromo23","19524078957"),
("Christams2020","19524078959"),
("PurdueGame134","19524078961"),
("Fridaysale12","19536929176"),
("Christams2020","19536929177"),
("Thangsving2021","19536929178"),
("Christams2020","19536929179"),
("Thangsving2021","19536929180"),
("EverydayPromo23","19536929486"),
("EOMsale","19536929488"),
("Fridaysale12","19536929489"),
("Christams2020","19536929490"),
("Christams2020","19536978102"),
("Halloween2021","19536978103"),
("Halloween2021","19536978104"),
("Christams2020","19536978105"),
("Christams2020","19536978106"),
("Christams2020","19536997678"),
("Halloween2021","19536997679"),
("Christams2021","19536997680"),
("Thangsving2021","19536997681"),
("Christams2020","19536997682"),
("Halloween2021","19536997683"),
("EOMsale","19536997814"),
("Christams2020","19536997815"),
("EverydayPromo23","19536997816"),
("Christams2021","19536997817"),
("PurdueGame134","19536997818"),
("Fridaysale12","19536997819"),
("Christams2021","4607702853"),
("PurdueGame1234","4607702854"),
("EverydayPromo23","4607702855"),
("Thangsving2021","4607702856"),
("Christams2020","64182464074"),
("Halloween2021","64182464075"),
("Fridaysale12","64182464076"),
("EOMsale","64182464077"),
("Christams2021","64182464078"),
("Christams2021","4607702402"),
("Thangsving2021","4607702403"),
("PurdueGame134","4607702404"),
("Thangsving2021","5555502003"),
("EverydayPromo23","5555502012"),
("Thangsving2021","5555502013"),
("Christams2021","1573302185"),
("PurdueGame134","1573302192"),
("Halloween2021","1573302193"),
("Fridaysale12","1573302194"),
("PurdueGame134","1573302195"),
("Thangsving2021","1573302196"),
("Halloween2021","1573302202"),
("Fridaysale12","1573302203"),
("PurdueGame1234","1573302206"),
("Fridaysale12","1573303775"),
("Thangsving2021","1573310755"),
("EOMsale","1573310756"),
("PurdueGame134","19349565761"),
("Thangsving2021","19349565762"),
("Halloween2021","19349565763"),
("Christams2020","19349565764"),
("EverydayPromo23","19536934865"),
("Christams2021","19536934866"),
("PurdueGame1234","19536934867"),
("PurdueGame134","19536934868"),
("EOMsale","19536981671"),
("PurdueGame1234","19536981672"),
("Christams2020","19536981673"),
("Christams2021","19536981674"),
("Thangsving2021","6621902062"),
("Halloween2021","6621902063"),
("EOMsale","6621902064"),
("Thangsving2021","75866704598"),
("PurdueGame1234","75866708352"),
("EverydayPromo23","75866708353"),
("Thangsving2021","75866708356"),
("Christams2021","75866708357"),
("Halloween2021","75866708358"),
("Halloween2021","75866708359"),
("Christams2021","75866708361"),
("Halloween2021","75866708362"),
("Fridaysale12","75866708388"),
("EOMsale","75866708389"),
("EverydayPromo23","75866708390"),
("EOMsale","75866782575"),
("Thangsving2021","75866782576"),
("EOMsale","75866782577"),
("PurdueGame1234","75866782578"),
("Halloween2021","78286098434"),
("EverydayPromo23","78286098435"),
("Halloween2021","78286098438"),
("EverydayPromo23","78286098439"),
("Halloween2021","88910124425"),
("PurdueGame134","88910124426"),
("Christams2020","88910124428"),
("Thangsving2021","88910124429"),
("EverydayPromo23","9632404000"),
("Christams2020","9632404001"),
("Christams2020","19495871597"),
("PurdueGame1234","64182436856"),
("Thangsving2021","64182436867"),
("EverydayPromo23","64182458544"),
("EverydayPromo23","63871317410"),
("PurdueGame134","887000000000"),
("Christams2021","79673606911"),
("Christams2021","1573310192"),
("Christams2020","1573310193"),
("Thangsving2021","1573310194"),
("Christams2021","1573310195"),
("EverydayPromo23","1573310196"),
("Christams2021","1573310231"),
("Thangsving2021","1573310232"),
("PurdueGame134","1573310233"),
("Thangsving2021","1573310234"),
("Thangsving2021","1573310235"),
("Christams2021","1573310236"),
("EverydayPromo23","1573310391"),
("EOMsale","1573310392"),
("Thangsving2021","1573310393"),
("Halloween2021","1573310394"),
("PurdueGame1234","1573310395"),
("Christams2020","1573310396"),
("PurdueGame1234","1573310401"),
("EOMsale","1573310402"),
("EverydayPromo23","1573310403"),
("Christams2021","1573310406"),
("Fridaysale12","1573310462"),
("Fridaysale12","1573310463"),
("PurdueGame134","1573310464"),
("PurdueGame1234","1573310465"),
("Christams2020","1573310466"),
("EOMsale","1573310491"),
("PurdueGame134","1573310492"),
("PurdueGame1234","1573310496"),
("EverydayPromo23","1573311676"),
("EverydayPromo23","1573311682"),
("Fridaysale12","1573311683"),
("EOMsale","1573311851"),
("EverydayPromo23","1573311855"),
("EOMsale","5555511392"),
("EverydayPromo23","5555511393"),
("Christams2021","5555511394"),
("Halloween2021","5555511395"),
("Thangsving2021","5555511396"),
("Thangsving2021","5555511732"),
("Christams2020","5555511733"),
("Halloween2021","5555511734"),
("Fridaysale12","5555511735"),
("Thangsving2021","5555511736"),
("Halloween2021","5555511772"),
("Fridaysale12","5555511773"),
("PurdueGame134","5555511774"),
("EverydayPromo23","5555511775"),
("Christams2021","5555511776"),
("EOMsale","8187310092"),
("EverydayPromo23","8187310093"),
("Christams2020","8187310094"),
("Christams2021","8187310095"),
("EverydayPromo23","8187310096"),
("EOMsale","8187310102"),
("Christams2020","8187310103"),
("Halloween2021","8187310104"),
("Halloween2021","8187310105"),
("PurdueGame1234","8187310106"),
("Christams2020","8187310122"),
("EverydayPromo23","8187310123"),
("Christams2021","8187310124"),
("Halloween2021","8187310125"),
("Fridaysale12","8187310126"),
("Thangsving2021","8187310132"),
("EOMsale","8187310133"),
("Fridaysale12","8187310134"),
("EOMsale","8187310135"),
("EOMsale","8187310136"),
("PurdueGame134","8187310462"),
("Christams2020","8187310463"),
("EOMsale","8187310464"),
("Halloween2021","8187310465"),
("Christams2020","8187310466"),
("Thangsving2021","1573310561"),
("EOMsale","1573310562"),
("Thangsving2021","1573310563"),
("Christams2021","1573310564"),
("Christams2020","1573310565"),
("EverydayPromo23","1573310571"),
("PurdueGame1234","1573310572"),
("Christams2021","1573310602"),
("Fridaysale12","1573310603"),
("Halloween2021","1573310706"),
("Fridaysale12","1573310712"),
("Fridaysale12","1573310732"),
("Fridaysale12","1573310734"),
("Christams2020","1573310735"),
("EverydayPromo23","1573310736"),
("Thangsving2021","1573310737"),
("Christams2021","1573313092"),
("PurdueGame134","1573313093"),
("Thangsving2021","1573313094"),
("Thangsving2021","1573313095"),
("Christams2021","1573313096"),
("EOMsale","1573315042"),
("Christams2020","1573315043"),
("PurdueGame134","1573315044"),
("Fridaysale12","1573315045"),
("EOMsale","1573315046"),
("PurdueGame134","1573315052"),
("EverydayPromo23","1573315053"),
("Fridaysale12","1573315054"),
("Fridaysale12","1573315055"),
("Christams2021","1573315056"),
("Thangsving2021","1573320011"),
("Thangsving2021","1573320012"),
("PurdueGame1234","1573320013"),
("Christams2021","1573320014"),
("Christams2021","1573320016"),
("Christams2020","63871316772"),
("Halloween2021","66137179960"),
("PurdueGame134","66137181770"),
("PurdueGame134","19515924019"),
("EverydayPromo23","19523823327"),
("Christams2020","19523823768"),
("Christams2021","19523823769"),
("Christams2020","19523823773"),
("EOMsale","19536999086"),
("PurdueGame134","19536999087"),
("Halloween2021","19536999088"),
("EOMsale","22"),
("PurdueGame134","5555511382"),
("Thangsving2021","5555511383"),
("PurdueGame134","5555511384"),
("EOMsale","5555511385"),
("PurdueGame134","5555511386"),
("Christams2020","64182435685"),
("EverydayPromo23","64182435686"),
("Fridaysale12","75866705383"),
("Thangsving2021","75866705384"),
("EOMsale","75866708341"),
("Fridaysale12","75866708342"),
("Fridaysale12","75866708343"),
("Christams2021","75866708344"),
("PurdueGame134","75866708345"),
("EverydayPromo23","88584515781"),
("PurdueGame1234","88584515782"),
("Fridaysale12","88584515783"),
("PurdueGame1234","88584515784"),
("EverydayPromo23","88584515785"),
("Christams2020","88722449477"),
("Halloween2021","88722450959"),
("PurdueGame134","88722452163"),
("Christams2021","88722452286"),
("Halloween2021","63871326232"),
("Christams2020","2357104915"),
("PurdueGame1234","2357105915"),
("Fridaysale12","2357105921"),
("Halloween2021","2357107915"),
("PurdueGame134","2357114915"),
("PurdueGame134","2357114921"),
("Halloween2021","2357117437"),
("PurdueGame134","2357129128"),
("Christams2021","2357145021"),
("Fridaysale12","2357145042"),
("Christams2020","2357145115"),
("Thangsving2021","2357151021"),
("Thangsving2021","4790605023"),
("Halloween2021","5000200105"),
("Christams2021","9632400103"),
("PurdueGame1234","19416619542"),
("PurdueGame134","68669957515"),
("PurdueGame1234","4046999913"),
("Christams2020","5212507310"),
("Christams2021","5212509223"),
("EverydayPromo23","5212510217"),
("Fridaysale12","5212522714"),
("Halloween2021","5212527527"),
("Fridaysale12","5212540422"),
("Fridaysale12","5212540425"),
("EverydayPromo23","5212550319"),
("Thangsving2021","9960603645"),
("Thangsving2021","12457885211"),
("EverydayPromo23","19118218474"),
("Halloween2021","19118218523"),
("Thangsving2021","19118221461"),
("PurdueGame1234","19118221507"),
("Christams2020","19430527698"),
("PurdueGame134","60652485368"),
("Fridaysale12","63755623094"),
("Fridaysale12","63775601001"),
("EverydayPromo23","70519926113"),
("EverydayPromo23","72314103234"),
("Halloween2021","72314112534"),
("Christams2021","72314123456"),
("PurdueGame1234","72314170034"),
("PurdueGame134","75866769439"),
("Thangsving2021","75866772341"),
("EverydayPromo23","88483746827"),
("Christams2020","88483746828"),
("PurdueGame134","88483770727"),
("EverydayPromo23","88483787417"),
("PurdueGame134","88483793064"),
("PurdueGame1234","88483798013"),
("PurdueGame1234","88953615444"),
("Fridaysale12","88953624953"),
("EverydayPromo23","88953624954"),
("PurdueGame134","88953649519"),
("Thangsving2021","88953661825"),
("Fridaysale12","88953666790"),
("Halloween2021","88953666792"),
("EOMsale","88953666794"),
("Fridaysale12","88953666798"),
("Christams2020","88953673687"),
("EverydayPromo23","88953673825"),
("EOMsale","88953675333"),
("PurdueGame134","88953675410"),
("Halloween2021","88953681966"),
("Fridaysale12","88953682243"),
("EOMsale","81435701699"),
("PurdueGame1234","81435701700"),
("PurdueGame1234","88883003663"),
("Thangsving2021","81435701710"),
("EverydayPromo23","81435701711"),
("Christams2021","2350801294"),
("Christams2020","2350801301"),
("Christams2020","2350801303"),
("Christams2021","2350801306"),
("Christams2021","3007500002"),
("Thangsving2021","84979007164"),
("PurdueGame1234","68441859250"),
("PurdueGame134","68441859251"),
("PurdueGame134","68441859253"),
("PurdueGame134","2610201030"),
("Christams2020","2610201031"),
("PurdueGame1234","2610201032"),
("Halloween2021","2610201033"),
("Halloween2021","2610201034"),
("Thangsving2021","2610201035"),
("PurdueGame134","2610201036"),
("Fridaysale12","2610201038"),
("Christams2021","60866507133"),
("PurdueGame134","60866507247"),
("Halloween2021","60866507451"),
("PurdueGame134","1566601080"),
("Thangsving2021","1641500101"),
("PurdueGame134","1641500103"),
("PurdueGame134","2089301021"),
("PurdueGame134","3004100105"),
("Christams2021","3208531187"),
("PurdueGame1234","3277168055"),
("Fridaysale12","3277168071"),
("EOMsale","3634500068"),
("Thangsving2021","5012211002"),
("EOMsale","5012211003"),
("EOMsale","5012211005"),
("EverydayPromo23","5012211007"),
("Christams2021","5172801033"),
("Thangsving2021","5172801034"),
("Halloween2021","786843588"),
("Halloween2021","8052401007"),
("Fridaysale12","19013680102"),
("Thangsving2021","19013680506"),
("EOMsale","19416618862"),
("PurdueGame1234","19416626618"),
("EverydayPromo23","55987123456"),
("Fridaysale12","68441859208"),
("Christams2021","68441870012"),
("Halloween2021","68441870013"),
("PurdueGame134","68441870014"),
("EverydayPromo23","68441870015"),
("Christams2020","68441870016"),
("EverydayPromo23","68441870017"),
("Halloween2021","70519918425"),
("PurdueGame134","70519922140"),
("Christams2020","70519925932"),
("Halloween2021","70845058367"),
("Halloween2021","70845058368"),
("EverydayPromo23","70845058369"),
("Halloween2021","70845058372"),
("Thangsving2021","74853200377"),
("Fridaysale12","74853200876"),
("Christams2020","74853200883"),
("Christams2020","74853200888"),
("Thangsving2021","74853273065"),
("Fridaysale12","74853294065"),
("PurdueGame134","76326491032"),
("PurdueGame1234","80841297234"),
("Halloween2021","81002802529"),
("EverydayPromo23","81068902548"),
("Fridaysale12","81068902551"),
("Halloween2021","81279901498"),
("Thangsving2021","81435701677"),
("Christams2021","81435701678"),
("EOMsale","81435701698"),
("Fridaysale12","81435701715"),
("Halloween2021","81453745632"),
("EOMsale","81711401152"),
("Halloween2021","81711401596"),
("EverydayPromo23","81711401701"),
("Thangsving2021","81872101370"),
("Christams2020","84055612378"),
("PurdueGame134","84261710667"),
("Fridaysale12","84954704644"),
("EOMsale","84954709051"),
("EOMsale","85449500309"),
("Christams2020","3277139565"),
("Halloween2021","3634500061"),
("Christams2021","8187360000"),
("PurdueGame134","8187360003"),
("Fridaysale12","8187360004"),
("EOMsale","8187360005"),
("Halloween2021","8187360013"),
("Christams2020","8187360017"),
("Halloween2021","8187360023"),
("PurdueGame1234","3277101407"),
("PurdueGame134","3277101418"),
("PurdueGame134","3277101419"),
("PurdueGame134","3277101428"),
("Christams2021","3277101432"),
("Fridaysale12","3277101453"),
("Thangsving2021","3277101461"),
("Christams2021","3277101462"),
("Christams2020","3277101475"),
("Fridaysale12","3277101600"),
("EverydayPromo23","3277112594"),
("PurdueGame1234","3277114906"),
("Christams2020","3277118953"),
("Christams2020","3277125950"),
("EOMsale","3277145286"),
("Halloween2021","3277185395"),
("Fridaysale12","8187300102"),
("Halloween2021","8187300103"),
("Halloween2021","8187300105"),
("PurdueGame1234","76326406206"),
("EverydayPromo23","76326416204"),
("Christams2020","76326423679"),
("Thangsving2021","9001376137"),
("EOMsale","81986801712"),
("EverydayPromo23","81986801713"),
("EOMsale","3208520249"),
("Fridaysale12","3277105350"),
("Thangsving2021","5012211001"),
("Thangsving2021","8528210061"),
("Halloween2021","9001301074"),
("Thangsving2021","19416622243"),
("PurdueGame1234","68441860085"),
("Thangsving2021","70519917382"),
("Halloween2021","70519920460"),
("PurdueGame1234","1566601179"),
("Fridaysale12","1566601267"),
("Fridaysale12","1566601268"),
("Fridaysale12","1566601291"),
("EOMsale","3634500041"),
("PurdueGame1234","3686904001"),
("EverydayPromo23","4076699159"),
("EverydayPromo23","5012211004"),
("PurdueGame134","64182400099"),
("EOMsale","70519917585"),
("EOMsale","81435701712"),
("EverydayPromo23","81435701713"),
("PurdueGame134","1566601024"),
("Thangsving2021","1566601036"),
("EverydayPromo23","1566601057"),
("Halloween2021","1566601075"),
("Christams2020","1566601113"),
("Christams2020","1566601119"),
("PurdueGame134","1566601130"),
("Halloween2021","1566601146"),
("PurdueGame1234","1566601147"),
("Thangsving2021","1566601167"),
("Halloween2021","1566601168"),
("PurdueGame1234","1566601172"),
("Christams2021","1566601180"),
("Halloween2021","1566601185"),
("PurdueGame1234","1566601194"),
("Fridaysale12","1566601200"),
("Fridaysale12","1566601292"),
("Thangsving2021","1566601293"),
("Christams2020","3208523322"),
("EOMsale","3208525730"),
("PurdueGame134","3208535053"),
("Halloween2021","3208570050"),
("Thangsving2021","3208594099"),
("Fridaysale12","5012211000"),
("EOMsale","8052400002"),
("Christams2020","8052400004"),
("Fridaysale12","19416608122"),
("EverydayPromo23","19416621083"),
("EOMsale","19416626695"),
("Halloween2021","70519924249"),
("Thangsving2021","70519925612"),
("EOMsale","81000783156"),
("Halloween2021","81000783157"),
("PurdueGame134","81000783169"),
("PurdueGame1234","81000783179"),
("Thangsving2021","81000783556"),
("Christams2021","81000783557"),
("Christams2020","81000783559"),
("EverydayPromo23","81002884245"),
("PurdueGame134","81002884247"),
("Halloween2021","81002884248"),
("Christams2021","81002884269"),
("Halloween2021","81002884272"),
("PurdueGame1234","81002884276"),
("Thangsving2021","81002884757"),
("EverydayPromo23","81049702569"),
("PurdueGame1234","70"),
("Halloween2021","65"),
("Halloween2021","64"),
("EOMsale","63"),
("Thangsving2021","60"),
("Fridaysale12","76379524190"),
("Thangsving2021","31"),
("EOMsale","23"),
("PurdueGame134","19427044620"),
("PurdueGame1234","19427044621"),
("PurdueGame1234","19427044622"),
("PurdueGame1234","19427044624"),
("PurdueGame1234","19427055236"),
("PurdueGame134","19504720289"),
("Halloween2021","19504720290"),
("Thangsving2021","19504720291"),
("Christams2020","19504720292"),
("Christams2020","19504720293"),
("PurdueGame134","19504720294"),
("Halloween2021","19504720296"),
("EverydayPromo23","19504720297"),
("PurdueGame1234","19504720298"),
("Thangsving2021","19504720299"),
("Halloween2021","19504720300"),
("PurdueGame1234","19504720301"),
("PurdueGame134","19504720302"),
("PurdueGame1234","19504720303"),
("Christams2021","19504720305"),
("EOMsale","19504720306"),
("Halloween2021","19504720307"),
("Christams2020","19504720308"),
("Thangsving2021","19504720309"),
("Thangsving2021","19504720310"),
("Christams2021","19504720311"),
("Halloween2021","19504720312"),
("PurdueGame134","19504720313"),
("PurdueGame134","19504720314"),
("Halloween2021","19504720315"),
("EOMsale","19504720316"),
("Fridaysale12","19504720317"),
("Halloween2021","19504720318"),
("Christams2020","19504720319"),
("PurdueGame1234","19504769731"),
("Christams2021","19504769732"),
("PurdueGame1234","19504781076"),
("PurdueGame134","19592443415"),
("PurdueGame1234","19592443416"),
("Christams2020","19592443417"),
("PurdueGame1234","19592443418"),
("Christams2021","19592443419"),
("PurdueGame134","19592443420"),
("PurdueGame134","19592444332"),
("Halloween2021","19592444333"),
("Fridaysale12","19592444334"),
("EOMsale","19592444335"),
("EverydayPromo23","19592444336"),
("EOMsale","19592444337"),
("EOMsale","19592444338"),
("Thangsving2021","19592444341"),
("Halloween2021","60652409583"),
("EOMsale","71827010244"),
("Halloween2021","8791826791"),
("Thangsving2021","42000080806"),
("Thangsving2021","42000080807"),
("Fridaysale12","42000080808"),
("PurdueGame134","20"),
("Halloween2021","60437V3652104"),
("PurdueGame1234","85585V4724505"),
("PurdueGame134","19504720318"),
("PurdueGame1234","19504720319"),
("Christams2021","19504769731"),
("EOMsale","19504769732"),
("Christams2020","19504781076"),
("Christams2021","19592443415"),
("EverydayPromo23","19592443416"),
("EOMsale","63871326029"),
("Christams2020","63871342221"),
("PurdueGame1234","19592444341");

